Place,Date,Time,Value,Unit
3772,03/20/19,09:17:16,33700,LUX     
3773,03/20/19,09:17:46,35200,LUX     
3774,03/20/19,09:18:16,35300,LUX     
3775,03/20/19,09:18:46,35400,LUX     
3776,03/20/19,09:19:16,35600,LUX     
3777,03/20/19,09:19:46,35800,LUX     
3778,03/20/19,09:20:16,35900,LUX     
3779,03/20/19,09:20:46,35900,LUX     
3780,03/20/19,09:21:16,36000,LUX     
3781,03/20/19,09:21:46,35800,LUX     
3782,03/20/19,09:22:16,35400,LUX     
3783,03/20/19,09:22:46,35900,LUX     
3784,03/20/19,09:23:16,36100,LUX     
3785,03/20/19,09:23:46,36100,LUX     
3786,03/20/19,09:24:16,36100,LUX     
3787,03/20/19,09:24:46,36100,LUX     
3788,03/20/19,09:25:16,627,LUX     
3789,03/20/19,09:25:46,675,LUX     
3790,03/20/19,09:26:16,36000,LUX     
3791,03/20/19,09:26:46,35900,LUX     
3792,03/20/19,09:27:16,36100,LUX     
3793,03/20/19,09:27:46,36200,LUX     
3794,03/20/19,09:28:16,36300,LUX     
3795,03/20/19,09:28:46,36300,LUX     
3796,03/20/19,09:29:16,36500,LUX     
3797,03/20/19,09:29:46,36600,LUX     
3798,03/20/19,09:30:16,36800,LUX     
3799,03/20/19,09:30:46,36800,LUX     
3800,03/20/19,09:31:16,36800,LUX     
3801,03/20/19,09:31:46,37000,LUX     
3802,03/20/19,09:32:16,36900,LUX     
3803,03/20/19,09:32:46,36800,LUX     
3804,03/20/19,09:33:16,36900,LUX     
3805,03/20/19,09:33:46,36700,LUX     
3806,03/20/19,09:34:16,36700,LUX     
3807,03/20/19,09:34:46,36400,LUX     
3808,03/20/19,09:35:16,36700,LUX     
3809,03/20/19,09:35:46,36600,LUX     
3810,03/20/19,09:36:16,36600,LUX     
3811,03/20/19,09:36:46,36600,LUX     
3812,03/20/19,09:37:16,36700,LUX     
3813,03/20/19,09:37:46,36800,LUX     
3814,03/20/19,09:38:16,36700,LUX     
3815,03/20/19,09:38:46,36800,LUX     
3816,03/20/19,09:39:16,36800,LUX     
3817,03/20/19,09:39:46,36700,LUX     
3818,03/20/19,09:40:16,36600,LUX     
3819,03/20/19,09:40:46,36500,LUX     
3820,03/20/19,09:41:16,36300,LUX     
3821,03/20/19,09:41:46,36200,LUX     
3822,03/20/19,09:42:16,36000,LUX     
3823,03/20/19,09:42:46,36100,LUX     
3824,03/20/19,09:43:16,36100,LUX     
3825,03/20/19,09:43:46,36300,LUX     
3826,03/20/19,09:44:16,36700,LUX     
3827,03/20/19,09:44:46,36700,LUX     
3828,03/20/19,09:45:16,36800,LUX     
3829,03/20/19,09:45:46,36800,LUX     
3830,03/20/19,09:46:16,36800,LUX     
3831,03/20/19,09:46:46,36900,LUX     
3832,03/20/19,09:47:16,36900,LUX     
3833,03/20/19,09:47:46,36900,LUX     
3834,03/20/19,09:48:16,36800,LUX     
3835,03/20/19,09:48:46,36600,LUX     
3836,03/20/19,09:49:16,36400,LUX     
3837,03/20/19,09:49:46,36300,LUX     
3838,03/20/19,09:50:16,36200,LUX     
3839,03/20/19,09:50:46,36000,LUX     
3840,03/20/19,09:51:16,36000,LUX     
3841,03/20/19,09:51:46,36100,LUX     
3842,03/20/19,09:52:16,36100,LUX     
3843,03/20/19,09:52:46,36000,LUX     
3844,03/20/19,09:53:16,35900,LUX     
3845,03/20/19,09:53:46,36100,LUX     
3846,03/20/19,09:54:16,36200,LUX     
3847,03/20/19,09:54:46,36100,LUX     
3848,03/20/19,09:55:16,36100,LUX     
3849,03/20/19,09:55:46,36100,LUX     
3850,03/20/19,09:56:16,36000,LUX     
3851,03/20/19,09:56:46,35600,LUX     
3852,03/20/19,09:57:16,35700,LUX     
3853,03/20/19,09:57:46,36100,LUX     
3854,03/20/19,09:58:16,36000,LUX     
3855,03/20/19,09:58:46,35900,LUX     
3856,03/20/19,09:59:16,35900,LUX     
3857,03/20/19,09:59:46,35800,LUX     
3858,03/20/19,10:00:16,35900,LUX     
3859,03/20/19,10:00:46,35900,LUX     
3860,03/20/19,10:01:16,35800,LUX     
3861,03/20/19,10:01:46,35800,LUX     
3862,03/20/19,10:02:16,35900,LUX     
3863,03/20/19,10:02:46,35800,LUX     
3864,03/20/19,10:03:16,35800,LUX     
3865,03/20/19,10:03:46,35800,LUX     
3866,03/20/19,10:04:16,35700,LUX     
3867,03/20/19,10:04:46,35500,LUX     
3868,03/20/19,10:05:16,35600,LUX     
3869,03/20/19,10:05:46,35600,LUX     
3870,03/20/19,10:06:16,35600,LUX     
3871,03/20/19,10:06:46,35800,LUX     
3872,03/20/19,10:07:16,35800,LUX     
3873,03/20/19,10:07:46,35800,LUX     
3874,03/20/19,10:08:16,35900,LUX     
3875,03/20/19,10:08:46,35900,LUX     
3876,03/20/19,10:09:16,36000,LUX     
3877,03/20/19,10:09:46,35900,LUX     
3878,03/20/19,10:10:16,35800,LUX     
3879,03/20/19,10:10:46,35900,LUX     
3880,03/20/19,10:11:16,35700,LUX     
3881,03/20/19,10:11:46,35700,LUX     
3882,03/20/19,10:12:16,35700,LUX     
3883,03/20/19,10:12:46,35800,LUX     
3884,03/20/19,10:13:16,36000,LUX     
3885,03/20/19,10:13:46,36300,LUX     
3886,03/20/19,10:14:16,36400,LUX     
3887,03/20/19,10:14:46,36400,LUX     
3888,03/20/19,10:15:16,36400,LUX     
3889,03/20/19,10:15:46,36400,LUX     
3890,03/20/19,10:16:16,36300,LUX     
3891,03/20/19,10:16:46,36300,LUX     
3892,03/20/19,10:17:16,36300,LUX     
3893,03/20/19,10:17:46,36300,LUX     
3894,03/20/19,10:18:16,36300,LUX     
3895,03/20/19,10:18:46,36400,LUX     
3896,03/20/19,10:19:16,36300,LUX     
3897,03/20/19,10:19:46,36100,LUX     
3898,03/20/19,10:20:16,36000,LUX     
3899,03/20/19,10:20:46,35700,LUX     
3900,03/20/19,10:21:16,35800,LUX     
3901,03/20/19,10:21:46,35800,LUX     
3902,03/20/19,10:22:16,35800,LUX     
3903,03/20/19,10:22:46,35700,LUX     
3904,03/20/19,10:23:16,35700,LUX     
3905,03/20/19,10:23:46,35400,LUX     
3906,03/20/19,10:24:16,35700,LUX     
3907,03/20/19,10:24:46,35700,LUX     
3908,03/20/19,10:25:16,35700,LUX     
3909,03/20/19,10:25:46,35800,LUX     
3910,03/20/19,10:26:16,35900,LUX     
3911,03/20/19,10:26:46,35500,LUX     
3912,03/20/19,10:27:16,36300,LUX     
3913,03/20/19,10:27:46,36500,LUX     
3914,03/20/19,10:28:16,36300,LUX     
3915,03/20/19,10:28:46,36200,LUX     
3916,03/20/19,10:29:16,36100,LUX     
3917,03/20/19,10:29:46,36200,LUX     
3918,03/20/19,10:30:16,36100,LUX     
3919,03/20/19,10:30:46,36200,LUX     
3920,03/20/19,10:31:16,35400,LUX     
3921,03/20/19,10:31:46,35800,LUX     
3922,03/20/19,10:32:16,35800,LUX     
3923,03/20/19,10:32:46,35700,LUX     
3924,03/20/19,10:33:16,35600,LUX     
3925,03/20/19,10:33:46,35600,LUX     
3926,03/20/19,10:34:16,35900,LUX     
3927,03/20/19,10:34:46,35900,LUX     
3928,03/20/19,10:35:16,35900,LUX     
3929,03/20/19,10:35:46,35700,LUX     
3930,03/20/19,10:36:16,35700,LUX     
3931,03/20/19,10:36:46,35100,LUX     
3932,03/20/19,10:37:16,35500,LUX     
3933,03/20/19,10:37:46,35600,LUX     
3934,03/20/19,10:38:16,35700,LUX     
3935,03/20/19,10:38:46,35500,LUX     
3936,03/20/19,10:39:16,35400,LUX     
3937,03/20/19,10:39:46,35300,LUX     
3938,03/20/19,10:40:16,34300,LUX     
3939,03/20/19,10:40:46,34400,LUX     
3940,03/20/19,10:41:16,34000,LUX     
3941,03/20/19,10:41:46,33000,LUX     
3942,03/20/19,10:42:16,30600,LUX     
3943,03/20/19,10:42:46,33100,LUX     
3944,03/20/19,10:43:16,31200,LUX     
3945,03/20/19,10:43:46,34700,LUX     
3946,03/20/19,10:44:16,34700,LUX     
3947,03/20/19,10:44:46,34500,LUX     
3948,03/20/19,10:45:16,34300,LUX     
3949,03/20/19,10:45:46,34300,LUX     
3950,03/20/19,10:46:16,34100,LUX     
3951,03/20/19,10:46:46,34000,LUX     
3952,03/20/19,10:47:16,33300,LUX     
3953,03/20/19,10:47:46,32700,LUX     
3954,03/20/19,10:48:16,31900,LUX     
3955,03/20/19,10:48:46,31800,LUX     
3956,03/20/19,10:49:16,31000,LUX     
3957,03/20/19,10:49:46,31500,LUX     
3958,03/20/19,10:50:16,31200,LUX     
3959,03/20/19,10:50:46,32000,LUX     
3960,03/20/19,10:51:16,32600,LUX     
3961,03/20/19,10:51:46,32500,LUX     
3962,03/20/19,10:52:16,32600,LUX     
3963,03/20/19,10:52:46,32800,LUX     
3964,03/20/19,10:53:16,32200,LUX     
3965,03/20/19,10:53:46,32100,LUX     
3966,03/20/19,10:54:16,32000,LUX     
3967,03/20/19,10:54:46,31700,LUX     
3968,03/20/19,10:55:16,31400,LUX     
3969,03/20/19,10:55:46,31500,LUX     
3970,03/20/19,10:56:16,31200,LUX     
3971,03/20/19,10:56:46,31700,LUX     
3972,03/20/19,10:57:16,31500,LUX     
3973,03/20/19,10:57:46,31500,LUX     
3974,03/20/19,10:58:16,31500,LUX     
3975,03/20/19,10:58:46,31800,LUX     
3976,03/20/19,10:59:16,31600,LUX     
3977,03/20/19,10:59:46,31600,LUX     
3978,03/20/19,11:00:16,32100,LUX     
3979,03/20/19,11:00:46,31800,LUX     
3980,03/20/19,11:01:16,30600,LUX     
3981,03/20/19,11:01:46,30500,LUX     
3982,03/20/19,11:02:16,31000,LUX     
3983,03/20/19,11:02:46,31600,LUX     
3984,03/20/19,11:03:16,31300,LUX     
3985,03/20/19,11:03:46,31300,LUX     
3986,03/20/19,11:04:16,31300,LUX     
3987,03/20/19,11:04:46,31500,LUX     
3988,03/20/19,11:05:16,31700,LUX     
3989,03/20/19,11:05:46,31600,LUX     
3990,03/20/19,11:06:16,31600,LUX     
3991,03/20/19,11:06:46,31400,LUX     
3992,03/20/19,11:07:16,31200,LUX     
3993,03/20/19,11:07:46,31100,LUX     
3994,03/20/19,11:08:16,31000,LUX     
3995,03/20/19,11:08:46,31100,LUX     
3996,03/20/19,11:09:16,31100,LUX     
3997,03/20/19,11:09:46,31100,LUX     
3998,03/20/19,11:10:16,31200,LUX     
3999,03/20/19,11:10:46,31100,LUX     
4000,03/20/19,11:11:16,31000,LUX     
4001,03/20/19,11:11:46,30800,LUX     
4002,03/20/19,11:12:16,30800,LUX     
4003,03/20/19,11:12:46,30600,LUX     
4004,03/20/19,11:13:16,30400,LUX     
4005,03/20/19,11:13:46,30300,LUX     
4006,03/20/19,11:14:16,30000,LUX     
4007,03/20/19,11:14:46,29900,LUX     
4008,03/20/19,11:15:16,29900,LUX     
4009,03/20/19,11:15:46,29700,LUX     
4010,03/20/19,11:16:16,29700,LUX     
4011,03/20/19,11:16:46,29500,LUX     
4012,03/20/19,11:17:16,29800,LUX     
4013,03/20/19,11:17:46,30000,LUX     
4014,03/20/19,11:18:16,30400,LUX     
4015,03/20/19,11:18:46,30700,LUX     
4016,03/20/19,11:19:16,31000,LUX     
4017,03/20/19,11:19:46,31000,LUX     
4018,03/20/19,11:20:16,30700,LUX     
4019,03/20/19,11:20:46,30400,LUX     
4020,03/20/19,11:21:16,29800,LUX     
4021,03/20/19,11:21:46,29300,LUX     
4022,03/20/19,11:22:16,28600,LUX     
4023,03/20/19,11:22:46,28200,LUX     
4024,03/20/19,11:23:16,27800,LUX     
4025,03/20/19,11:23:46,27000,LUX     
4026,03/20/19,11:24:16,24800,LUX     
4027,03/20/19,11:24:46,20900,LUX     
4028,03/20/19,11:25:16,16240,LUX     
4029,03/20/19,11:25:46,11780,LUX     
4030,03/20/19,11:26:16,7990,LUX     
4031,03/20/19,11:26:46,5590,LUX     
4032,03/20/19,11:27:16,5070,LUX     
4033,03/20/19,11:27:46,5000,LUX     
4034,03/20/19,11:28:16,4970,LUX     
4035,03/20/19,11:28:46,4950,LUX     
4036,03/20/19,11:29:16,4940,LUX     
4037,03/20/19,11:29:46,4920,LUX     
4038,03/20/19,11:30:16,4900,LUX     
4039,03/20/19,11:30:46,4890,LUX     
4040,03/20/19,11:31:16,4870,LUX     
4041,03/20/19,11:31:46,4840,LUX     
4042,03/20/19,11:32:16,4830,LUX     
4043,03/20/19,11:32:46,4830,LUX     
4044,03/20/19,11:33:16,4850,LUX     
4045,03/20/19,11:33:46,4870,LUX     
4046,03/20/19,11:34:16,4820,LUX     
4047,03/20/19,11:34:46,4810,LUX     
4048,03/20/19,11:35:16,4790,LUX     
4049,03/20/19,11:35:46,4850,LUX     
4050,03/20/19,11:36:16,4880,LUX     
4051,03/20/19,11:36:46,4910,LUX     
4052,03/20/19,11:37:16,4800,LUX     
4053,03/20/19,11:37:46,4870,LUX     
4054,03/20/19,11:38:16,4860,LUX     
4055,03/20/19,11:38:46,4900,LUX     
4056,03/20/19,11:39:16,4870,LUX     
4057,03/20/19,11:39:46,4800,LUX     
4058,03/20/19,11:40:16,4820,LUX     
4059,03/20/19,11:40:46,4140,LUX     
4060,03/20/19,11:41:16,4450,LUX     
4061,03/20/19,11:41:46,4830,LUX     
4062,03/20/19,11:42:16,4860,LUX     
4063,03/20/19,11:42:46,4820,LUX     
4064,03/20/19,11:43:16,4790,LUX     
4065,03/20/19,11:43:46,4770,LUX     
4066,03/20/19,11:44:16,4750,LUX     
4067,03/20/19,11:44:46,4730,LUX     
4068,03/20/19,11:45:16,4710,LUX     
4069,03/20/19,11:45:46,4680,LUX     
4070,03/20/19,11:46:16,4680,LUX     
4071,03/20/19,11:46:46,4690,LUX     
4072,03/20/19,11:47:16,4700,LUX     
4073,03/20/19,11:47:46,4700,LUX     
4074,03/20/19,11:48:16,4750,LUX     
4075,03/20/19,11:48:46,4750,LUX     
4076,03/20/19,11:49:16,4750,LUX     
4077,03/20/19,11:49:46,4740,LUX     
4078,03/20/19,11:50:16,4710,LUX     
4079,03/20/19,11:50:46,4730,LUX     
4080,03/20/19,11:51:16,4730,LUX     
4081,03/20/19,11:51:46,4730,LUX     
4082,03/20/19,11:52:16,4690,LUX     
4083,03/20/19,11:52:46,4690,LUX     
4084,03/20/19,11:53:16,4670,LUX     
4085,03/20/19,11:53:46,4630,LUX     
4086,03/20/19,11:54:16,4650,LUX     
4087,03/20/19,11:54:46,4660,LUX     
4088,03/20/19,11:55:16,4650,LUX     
4089,03/20/19,11:55:46,4630,LUX     
4090,03/20/19,11:56:16,4630,LUX     
4091,03/20/19,11:56:46,4620,LUX     
4092,03/20/19,11:57:16,4570,LUX     
4093,03/20/19,11:57:46,4610,LUX     
4094,03/20/19,11:58:16,4680,LUX     
4095,03/20/19,11:58:46,4710,LUX     
4096,03/20/19,11:59:16,4710,LUX     
4097,03/20/19,11:59:46,4720,LUX     
4098,03/20/19,12:00:16,4750,LUX     
4099,03/20/19,12:00:46,4780,LUX     
4100,03/20/19,12:01:16,4800,LUX     
4101,03/20/19,12:01:46,4700,LUX     
4102,03/20/19,12:02:16,4790,LUX     
4103,03/20/19,12:02:46,4920,LUX     
4104,03/20/19,12:03:16,5010,LUX     
4105,03/20/19,12:03:46,4920,LUX     
4106,03/20/19,12:04:16,4870,LUX     
4107,03/20/19,12:04:46,4780,LUX     
Place,Date,Time,Value,Unit
4108,03/21/19,00:01:29,4420,LUX     
Place,Date,Time,Value,Unit
4109,03/21/19,09:18:25,4150,LUX     
4110,03/21/19,09:18:55,6120,LUX     
4111,03/21/19,09:19:25,8780,LUX     
4112,03/21/19,09:19:55,12100,LUX     
4113,03/21/19,09:20:25,15950,LUX     
4114,03/21/19,09:20:55,20200,LUX     
4115,03/21/19,09:21:25,24900,LUX     
4116,03/21/19,09:21:55,28900,LUX     
4117,03/21/19,09:22:25,26200,LUX     
4118,03/21/19,09:22:55,19500,LUX     
4119,03/21/19,09:23:25,14980,LUX     
4120,03/21/19,09:23:55,11640,LUX     
4121,03/21/19,09:24:25,9160,LUX     
4122,03/21/19,09:24:55,7360,LUX     
4123,03/21/19,09:25:25,6630,LUX     
4124,03/21/19,09:25:55,6820,LUX     
4125,03/21/19,09:26:25,6930,LUX     
4126,03/21/19,09:26:55,7060,LUX     
4127,03/21/19,09:27:25,7110,LUX     
4128,03/21/19,09:27:55,7100,LUX     
4129,03/21/19,09:28:25,7110,LUX     
4130,03/21/19,09:28:55,7160,LUX     
4131,03/21/19,09:29:25,7130,LUX     
4132,03/21/19,09:29:55,7150,LUX     
4133,03/21/19,09:30:25,7190,LUX     
4134,03/21/19,09:30:55,7200,LUX     
4135,03/21/19,09:31:25,7160,LUX     
4136,03/21/19,09:31:55,7150,LUX     
4137,03/21/19,09:32:25,7050,LUX     
4138,03/21/19,09:32:55,7060,LUX     
4139,03/21/19,09:33:25,7100,LUX     
4140,03/21/19,09:33:55,7170,LUX     
4141,03/21/19,09:34:25,7170,LUX     
4142,03/21/19,09:34:55,7180,LUX     
4143,03/21/19,09:35:25,7220,LUX     
4144,03/21/19,09:35:55,7260,LUX     
4145,03/21/19,09:36:25,7260,LUX     
4146,03/21/19,09:36:55,7260,LUX     
4147,03/21/19,09:37:25,7270,LUX     
4148,03/21/19,09:37:55,7130,LUX     
4149,03/21/19,09:38:25,7150,LUX     
4150,03/21/19,09:38:55,7130,LUX     
4151,03/21/19,09:39:25,7110,LUX     
4152,03/21/19,09:39:55,7120,LUX     
4153,03/21/19,09:40:25,7060,LUX     
4154,03/21/19,09:40:55,7070,LUX     
4155,03/21/19,09:41:25,7020,LUX     
4156,03/21/19,09:41:55,7160,LUX     
4157,03/21/19,09:42:25,7110,LUX     
4158,03/21/19,09:42:55,6980,LUX     
4159,03/21/19,09:43:25,7010,LUX     
4160,03/21/19,09:43:55,7110,LUX     
4161,03/21/19,09:44:25,7190,LUX     
4162,03/21/19,09:44:55,7230,LUX     
4163,03/21/19,09:45:25,7260,LUX     
4164,03/21/19,09:45:55,7320,LUX     
4165,03/21/19,09:46:25,7310,LUX     
4166,03/21/19,09:46:55,7360,LUX     
4167,03/21/19,09:47:25,7480,LUX     
4168,03/21/19,09:47:55,7550,LUX     
4169,03/21/19,09:48:25,7700,LUX     
4170,03/21/19,09:48:55,7790,LUX     
4171,03/21/19,09:49:25,7830,LUX     
4172,03/21/19,09:49:55,7870,LUX     
4173,03/21/19,09:50:25,7850,LUX     
4174,03/21/19,09:50:55,7800,LUX     
4175,03/21/19,09:51:25,7780,LUX     
4176,03/21/19,09:51:55,7750,LUX     
4177,03/21/19,09:52:25,7800,LUX     
4178,03/21/19,09:52:55,7790,LUX     
4179,03/21/19,09:53:25,7770,LUX     
4180,03/21/19,09:53:55,7810,LUX     
4181,03/21/19,09:54:25,7830,LUX     
4182,03/21/19,09:54:55,7910,LUX     
4183,03/21/19,09:55:25,7940,LUX     
4184,03/21/19,09:55:55,7940,LUX     
4185,03/21/19,09:56:25,7920,LUX     
4186,03/21/19,09:56:55,7950,LUX     
4187,03/21/19,09:57:25,7920,LUX     
4188,03/21/19,09:57:55,7900,LUX     
4189,03/21/19,09:58:25,7880,LUX     
4190,03/21/19,09:58:55,7880,LUX     
4191,03/21/19,09:59:25,7880,LUX     
4192,03/21/19,09:59:55,7910,LUX     
4193,03/21/19,10:00:25,7930,LUX     
4194,03/21/19,10:00:55,7940,LUX     
4195,03/21/19,10:01:25,8010,LUX     
4196,03/21/19,10:01:55,8000,LUX     
4197,03/21/19,10:02:25,7990,LUX     
4198,03/21/19,10:02:55,7980,LUX     
4199,03/21/19,10:03:25,7980,LUX     
4200,03/21/19,10:03:55,7980,LUX     
4201,03/21/19,10:04:25,8030,LUX     
4202,03/21/19,10:04:55,8010,LUX     
4203,03/21/19,10:05:25,8090,LUX     
4204,03/21/19,10:05:55,8110,LUX     
4205,03/21/19,10:06:25,8100,LUX     
4206,03/21/19,10:06:55,8160,LUX     
4207,03/21/19,10:07:25,8160,LUX     
4208,03/21/19,10:07:55,8170,LUX     
4209,03/21/19,10:08:25,8180,LUX     
4210,03/21/19,10:08:55,8130,LUX     
4211,03/21/19,10:09:25,8120,LUX     
4212,03/21/19,10:09:55,8080,LUX     
4213,03/21/19,10:10:25,8140,LUX     
4214,03/21/19,10:10:55,8200,LUX     
4215,03/21/19,10:11:25,8290,LUX     
4216,03/21/19,10:11:55,8350,LUX     
4217,03/21/19,10:12:25,8350,LUX     
4218,03/21/19,10:12:55,8360,LUX     
4219,03/21/19,10:13:25,8350,LUX     
4220,03/21/19,10:13:55,8370,LUX     
4221,03/21/19,10:14:25,8350,LUX     
4222,03/21/19,10:14:55,8360,LUX     
4223,03/21/19,10:15:25,8410,LUX     
4224,03/21/19,10:15:55,8450,LUX     
4225,03/21/19,10:16:25,8490,LUX     
4226,03/21/19,10:16:55,8420,LUX     
4227,03/21/19,10:17:25,8350,LUX     
4228,03/21/19,10:17:55,8340,LUX     
4229,03/21/19,10:18:25,8280,LUX     
4230,03/21/19,10:18:55,8130,LUX     
4231,03/21/19,10:19:25,8080,LUX     
4232,03/21/19,10:19:55,8240,LUX     
4233,03/21/19,10:20:25,8160,LUX     
4234,03/21/19,10:20:55,8250,LUX     
4235,03/21/19,10:21:25,8360,LUX     
4236,03/21/19,10:21:55,8340,LUX     
4237,03/21/19,10:22:25,8400,LUX     
4238,03/21/19,10:22:55,8440,LUX     
4239,03/21/19,10:23:25,8510,LUX     
4240,03/21/19,10:23:55,8620,LUX     
4241,03/21/19,10:24:25,8680,LUX     
4242,03/21/19,10:24:55,8700,LUX     
4243,03/21/19,10:25:25,8720,LUX     
4244,03/21/19,10:25:55,8730,LUX     
4245,03/21/19,10:26:25,8710,LUX     
4246,03/21/19,10:26:55,8720,LUX     
4247,03/21/19,10:27:25,8600,LUX     
4248,03/21/19,10:27:55,8630,LUX     
4249,03/21/19,10:28:25,8690,LUX     
4250,03/21/19,10:28:55,8700,LUX     
4251,03/21/19,10:29:25,8720,LUX     
4252,03/21/19,10:29:55,8700,LUX     
4253,03/21/19,10:30:25,8680,LUX     
4254,03/21/19,10:30:55,8680,LUX     
4255,03/21/19,10:31:25,8710,LUX     
4256,03/21/19,10:31:55,8750,LUX     
4257,03/21/19,10:32:25,8770,LUX     
4258,03/21/19,10:32:55,8750,LUX     
4259,03/21/19,10:33:25,8720,LUX     
4260,03/21/19,10:33:55,8760,LUX     
4261,03/21/19,10:34:25,8730,LUX     
4262,03/21/19,10:34:55,8730,LUX     
4263,03/21/19,10:35:25,8730,LUX     
4264,03/21/19,10:35:55,8720,LUX     
4265,03/21/19,10:36:25,8780,LUX     
4266,03/21/19,10:36:55,8750,LUX     
4267,03/21/19,10:37:25,8750,LUX     
4268,03/21/19,10:37:55,8690,LUX     
4269,03/21/19,10:38:25,8620,LUX     
4270,03/21/19,10:38:55,8570,LUX     
4271,03/21/19,10:39:25,8460,LUX     
4272,03/21/19,10:39:55,8460,LUX     
4273,03/21/19,10:40:25,8460,LUX     
4274,03/21/19,10:40:55,8500,LUX     
4275,03/21/19,10:41:25,8530,LUX     
4276,03/21/19,10:41:55,8580,LUX     
4277,03/21/19,10:42:25,8590,LUX     
4278,03/21/19,10:42:55,8540,LUX     
4279,03/21/19,10:43:25,8490,LUX     
4280,03/21/19,10:43:55,8470,LUX     
4281,03/21/19,10:44:25,8420,LUX     
4282,03/21/19,10:44:55,8390,LUX     
4283,03/21/19,10:45:25,8310,LUX     
4284,03/21/19,10:45:55,8240,LUX     
4285,03/21/19,10:46:25,8150,LUX     
4286,03/21/19,10:46:55,8000,LUX     
4287,03/21/19,10:47:25,7850,LUX     
4288,03/21/19,10:47:55,7820,LUX     
4289,03/21/19,10:48:25,7830,LUX     
4290,03/21/19,10:48:55,7860,LUX     
4291,03/21/19,10:49:25,8000,LUX     
4292,03/21/19,10:49:55,8090,LUX     
4293,03/21/19,10:50:25,8070,LUX     
4294,03/21/19,10:50:55,8030,LUX     
4295,03/21/19,10:51:25,7980,LUX     
4296,03/21/19,10:51:55,7930,LUX     
4297,03/21/19,10:52:25,7870,LUX     
4298,03/21/19,10:52:55,7840,LUX     
4299,03/21/19,10:53:25,7800,LUX     
4300,03/21/19,10:53:55,7730,LUX     
4301,03/21/19,10:54:25,7710,LUX     
4302,03/21/19,10:54:55,7680,LUX     
4303,03/21/19,10:55:25,7680,LUX     
4304,03/21/19,10:55:55,7630,LUX     
4305,03/21/19,10:56:25,7600,LUX     
4306,03/21/19,10:56:55,7660,LUX     
4307,03/21/19,10:57:25,7690,LUX     
4308,03/21/19,10:57:55,7750,LUX     
4309,03/21/19,10:58:25,7730,LUX     
4310,03/21/19,10:58:55,7690,LUX     
4311,03/21/19,10:59:25,7570,LUX     
4312,03/21/19,10:59:55,7510,LUX     
4313,03/21/19,11:00:25,7350,LUX     
4314,03/21/19,11:00:55,7300,LUX     
4315,03/21/19,11:01:25,7280,LUX     
4316,03/21/19,11:01:55,7260,LUX     
4317,03/21/19,11:02:25,7310,LUX     
4318,03/21/19,11:02:55,7280,LUX     
4319,03/21/19,11:03:25,7280,LUX     
4320,03/21/19,11:03:55,7270,LUX     
4321,03/21/19,11:04:25,7210,LUX     
4322,03/21/19,11:04:55,6970,LUX     
4323,03/21/19,11:05:25,6600,LUX     
4324,03/21/19,11:05:55,6920,LUX     
4325,03/21/19,11:06:25,7030,LUX     
4326,03/21/19,11:06:55,7030,LUX     
4327,03/21/19,11:07:25,7020,LUX     
4328,03/21/19,11:07:55,7070,LUX     
4329,03/21/19,11:08:25,7090,LUX     
4330,03/21/19,11:08:55,7080,LUX     
4331,03/21/19,11:09:25,7040,LUX     
4332,03/21/19,11:09:55,6950,LUX     
4333,03/21/19,11:10:25,6890,LUX     
4334,03/21/19,11:10:55,6920,LUX     
4335,03/21/19,11:11:25,6900,LUX     
4336,03/21/19,11:11:55,6860,LUX     
4337,03/21/19,11:12:25,6900,LUX     
4338,03/21/19,11:12:55,6850,LUX     
4339,03/21/19,11:13:25,6770,LUX     
4340,03/21/19,11:13:55,6680,LUX     
4341,03/21/19,11:14:25,6570,LUX     
4342,03/21/19,11:14:55,6540,LUX     
4343,03/21/19,11:15:25,5870,LUX     
4344,03/21/19,11:15:55,5560,LUX     
4345,03/21/19,11:16:25,6210,LUX     
4346,03/21/19,11:16:55,6580,LUX     
4347,03/21/19,11:17:25,6720,LUX     
4348,03/21/19,11:17:55,6600,LUX     
4349,03/21/19,11:18:25,6580,LUX     
4350,03/21/19,11:18:55,6460,LUX     
4351,03/21/19,11:19:25,6490,LUX     
4352,03/21/19,11:19:55,6340,LUX     
4353,03/21/19,11:20:25,6190,LUX     
4354,03/21/19,11:20:55,6060,LUX     
4355,03/21/19,11:21:25,5840,LUX     
4356,03/21/19,11:21:55,5340,LUX     
4357,03/21/19,11:22:25,3980,LUX     
4358,03/21/19,11:22:55,3030,LUX     
4359,03/21/19,11:23:25,2270,LUX     
4360,03/21/19,11:23:55,1522,LUX     
4361,03/21/19,11:24:25,908,LUX     
4362,03/21/19,11:24:55,783,LUX     
4363,03/21/19,11:25:25,740,LUX     
4364,03/21/19,11:25:55,729,LUX     
4365,03/21/19,11:26:25,727,LUX     
4366,03/21/19,11:26:55,724,LUX     
4367,03/21/19,11:27:25,721,LUX     
4368,03/21/19,11:27:55,718,LUX     
4369,03/21/19,11:28:25,715,LUX     
4370,03/21/19,11:28:55,713,LUX     
4371,03/21/19,11:29:25,711,LUX     
4372,03/21/19,11:29:55,711,LUX     
4373,03/21/19,11:30:25,712,LUX     
4374,03/21/19,11:30:55,714,LUX     
4375,03/21/19,11:31:25,716,LUX     
4376,03/21/19,11:31:55,718,LUX     
4377,03/21/19,11:32:25,719,LUX     
4378,03/21/19,11:32:55,719,LUX     
4379,03/21/19,11:33:25,720,LUX     
4380,03/21/19,11:33:55,720,LUX     
4381,03/21/19,11:34:25,724,LUX     
4382,03/21/19,11:34:55,725,LUX     
4383,03/21/19,11:35:25,719,LUX     
4384,03/21/19,11:35:55,719,LUX     
4385,03/21/19,11:36:25,725,LUX     
4386,03/21/19,11:36:55,724,LUX     
4387,03/21/19,11:37:25,722,LUX     
4388,03/21/19,11:37:55,720,LUX     
4389,03/21/19,11:38:25,721,LUX     
4390,03/21/19,11:38:55,723,LUX     
4391,03/21/19,11:39:25,721,LUX     
4392,03/21/19,11:39:55,709,LUX     
4393,03/21/19,11:40:25,711,LUX     
4394,03/21/19,11:40:55,669,LUX     
4395,03/21/19,11:41:25,680,LUX     
4396,03/21/19,11:41:55,693,LUX     
4397,03/21/19,11:42:25,695,LUX     
4398,03/21/19,11:42:55,704,LUX     
4399,03/21/19,11:43:25,706,LUX     
4400,03/21/19,11:43:55,674,LUX     
4401,03/21/19,11:44:25,662,LUX     
4402,03/21/19,11:44:55,658,LUX     
4403,03/21/19,11:45:25,687,LUX     
4404,03/21/19,11:45:55,677,LUX     
4405,03/21/19,11:46:25,671,LUX     
4406,03/21/19,11:46:55,674,LUX     
Place,Date,Time,Value,Unit
4407,03/22/19,09:15:14,34700,LUX     
4408,03/22/19,09:15:43,36300,LUX     
4409,03/22/19,09:16:13,37000,LUX     
4410,03/22/19,09:16:43,37300,LUX     
4411,03/22/19,09:17:13,37100,LUX     
4412,03/22/19,09:17:43,36800,LUX     
4413,03/22/19,09:18:13,36700,LUX     
4414,03/22/19,09:18:43,36100,LUX     
4415,03/22/19,09:19:13,36000,LUX     
4416,03/22/19,09:19:43,35900,LUX     
4417,03/22/19,09:20:13,34800,LUX     
4418,03/22/19,09:20:43,34100,LUX     
4419,03/22/19,09:21:13,34600,LUX     
4420,03/22/19,09:21:43,35000,LUX     
4421,03/22/19,09:22:13,34900,LUX     
4422,03/22/19,09:22:43,35500,LUX     
4423,03/22/19,09:23:13,36000,LUX     
4424,03/22/19,09:23:43,36200,LUX     
4425,03/22/19,09:24:13,36500,LUX     
4426,03/22/19,09:24:43,37100,LUX     
4427,03/22/19,09:25:13,37300,LUX     
4428,03/22/19,09:25:43,36400,LUX     
4429,03/22/19,09:26:13,34900,LUX     
4430,03/22/19,09:26:43,31200,LUX     
4431,03/22/19,09:27:13,26900,LUX     
4432,03/22/19,09:27:43,29000,LUX     
4433,03/22/19,09:28:13,30000,LUX     
4434,03/22/19,09:28:43,30800,LUX     
4435,03/22/19,09:29:13,31000,LUX     
4436,03/22/19,09:29:43,31800,LUX     
4437,03/22/19,09:30:13,33100,LUX     
4438,03/22/19,09:30:43,32000,LUX     
4439,03/22/19,09:31:13,30200,LUX     
4440,03/22/19,09:31:43,29900,LUX     
4441,03/22/19,09:32:13,30500,LUX     
4442,03/22/19,09:32:43,32900,LUX     
4443,03/22/19,09:33:13,31900,LUX     
4444,03/22/19,09:33:43,30700,LUX     
4445,03/22/19,09:34:13,30200,LUX     
4446,03/22/19,09:34:43,29900,LUX     
4447,03/22/19,09:35:13,29300,LUX     
4448,03/22/19,09:35:43,30000,LUX     
4449,03/22/19,09:36:13,30200,LUX     
4450,03/22/19,09:36:43,30500,LUX     
4451,03/22/19,09:37:13,30100,LUX     
4452,03/22/19,09:37:43,31000,LUX     
4453,03/22/19,09:38:13,32000,LUX     
4454,03/22/19,09:38:43,31800,LUX     
4455,03/22/19,09:39:13,32500,LUX     
4456,03/22/19,09:39:43,30500,LUX     
4457,03/22/19,09:40:13,31200,LUX     
4458,03/22/19,09:40:43,29800,LUX     
4459,03/22/19,09:41:13,29800,LUX     
4460,03/22/19,09:41:43,29100,LUX     
4461,03/22/19,09:42:13,29700,LUX     
4462,03/22/19,09:42:43,30400,LUX     
4463,03/22/19,09:43:13,31100,LUX     
4464,03/22/19,09:43:43,29400,LUX     
4465,03/22/19,09:44:13,26800,LUX     
4466,03/22/19,09:44:43,26600,LUX     
4467,03/22/19,09:45:13,28500,LUX     
4468,03/22/19,09:45:43,29100,LUX     
4469,03/22/19,09:46:13,28100,LUX     
4470,03/22/19,09:46:43,29200,LUX     
4471,03/22/19,09:47:13,29800,LUX     
4472,03/22/19,09:47:43,30100,LUX     
4473,03/22/19,09:48:13,30700,LUX     
4474,03/22/19,09:48:43,32300,LUX     
4475,03/22/19,09:49:13,30500,LUX     
4476,03/22/19,09:49:43,30400,LUX     
4477,03/22/19,09:50:13,30800,LUX     
4478,03/22/19,09:50:43,31000,LUX     
4479,03/22/19,09:51:13,32000,LUX     
4480,03/22/19,09:51:43,32000,LUX     
4481,03/22/19,09:52:13,31800,LUX     
4482,03/22/19,09:52:43,34100,LUX     
4483,03/22/19,09:53:13,36000,LUX     
4484,03/22/19,09:53:43,35700,LUX     
4485,03/22/19,09:54:13,35700,LUX     
4486,03/22/19,09:54:43,35100,LUX     
4487,03/22/19,09:55:13,35400,LUX     
4488,03/22/19,09:55:43,34800,LUX     
4489,03/22/19,09:56:13,33900,LUX     
4490,03/22/19,09:56:43,33600,LUX     
4491,03/22/19,09:57:13,33300,LUX     
4492,03/22/19,09:57:43,33100,LUX     
4493,03/22/19,09:58:13,32900,LUX     
4494,03/22/19,09:58:43,32900,LUX     
4495,03/22/19,09:59:13,32600,LUX     
4496,03/22/19,09:59:43,31100,LUX     
4497,03/22/19,10:00:13,30700,LUX     
4498,03/22/19,10:00:43,29600,LUX     
4499,03/22/19,10:01:13,29100,LUX     
4500,03/22/19,10:01:43,29900,LUX     
4501,03/22/19,10:02:13,30200,LUX     
4502,03/22/19,10:02:43,29000,LUX     
4503,03/22/19,10:03:13,28400,LUX     
4504,03/22/19,10:03:43,29300,LUX     
4505,03/22/19,10:04:13,30600,LUX     
4506,03/22/19,10:04:43,29100,LUX     
4507,03/22/19,10:05:13,29300,LUX     
4508,03/22/19,10:05:43,29000,LUX     
4509,03/22/19,10:06:13,30100,LUX     
4510,03/22/19,10:06:43,30700,LUX     
4511,03/22/19,10:07:13,30800,LUX     
4512,03/22/19,10:07:43,30000,LUX     
4513,03/22/19,10:08:13,30700,LUX     
4514,03/22/19,10:08:43,31200,LUX     
4515,03/22/19,10:09:13,30700,LUX     
4516,03/22/19,10:09:43,34200,LUX     
4517,03/22/19,10:10:13,33200,LUX     
4518,03/22/19,10:10:43,31800,LUX     
4519,03/22/19,10:11:13,31200,LUX     
4520,03/22/19,10:11:43,30900,LUX     
4521,03/22/19,10:12:13,31700,LUX     
4522,03/22/19,10:12:43,32400,LUX     
4523,03/22/19,10:13:13,31700,LUX     
4524,03/22/19,10:13:43,31400,LUX     
4525,03/22/19,10:14:13,32700,LUX     
4526,03/22/19,10:14:43,33300,LUX     
4527,03/22/19,10:15:13,31100,LUX     
4528,03/22/19,10:15:43,28800,LUX     
4529,03/22/19,10:16:13,30700,LUX     
4530,03/22/19,10:16:43,26800,LUX     
4531,03/22/19,10:17:13,30100,LUX     
4532,03/22/19,10:17:43,32800,LUX     
4533,03/22/19,10:18:13,30000,LUX     
4534,03/22/19,10:18:43,28000,LUX     
4535,03/22/19,10:19:13,27600,LUX     
4536,03/22/19,10:19:43,30100,LUX     
4537,03/22/19,10:20:13,25700,LUX     
4538,03/22/19,10:20:43,22000,LUX     
4539,03/22/19,10:21:13,27200,LUX     
4540,03/22/19,10:21:43,26700,LUX     
4541,03/22/19,10:22:13,32800,LUX     
4542,03/22/19,10:22:43,32900,LUX     
4543,03/22/19,10:23:13,33200,LUX     
4544,03/22/19,10:23:43,33000,LUX     
4545,03/22/19,10:24:13,32700,LUX     
4546,03/22/19,10:24:43,33200,LUX     
4547,03/22/19,10:25:13,33600,LUX     
4548,03/22/19,10:25:43,34100,LUX     
4549,03/22/19,10:26:13,34200,LUX     
4550,03/22/19,10:26:43,34100,LUX     
4551,03/22/19,10:27:13,33500,LUX     
4552,03/22/19,10:27:43,33100,LUX     
4553,03/22/19,10:28:13,34200,LUX     
4554,03/22/19,10:28:43,34900,LUX     
4555,03/22/19,10:29:13,34800,LUX     
4556,03/22/19,10:29:43,34500,LUX     
4557,03/22/19,10:30:13,35000,LUX     
4558,03/22/19,10:30:43,34400,LUX     
4559,03/22/19,10:31:13,33800,LUX     
4560,03/22/19,10:31:43,33100,LUX     
4561,03/22/19,10:32:13,33200,LUX     
4562,03/22/19,10:32:43,33200,LUX     
4563,03/22/19,10:33:13,33300,LUX     
4564,03/22/19,10:33:43,32100,LUX     
4565,03/22/19,10:34:13,31400,LUX     
4566,03/22/19,10:34:43,34300,LUX     
4567,03/22/19,10:35:13,34300,LUX     
4568,03/22/19,10:35:43,32900,LUX     
4569,03/22/19,10:36:13,33000,LUX     
4570,03/22/19,10:36:43,33500,LUX     
4571,03/22/19,10:37:13,34000,LUX     
4572,03/22/19,10:37:43,33900,LUX     
4573,03/22/19,10:38:13,33200,LUX     
4574,03/22/19,10:38:43,33000,LUX     
4575,03/22/19,10:39:13,33300,LUX     
4576,03/22/19,10:39:43,33000,LUX     
4577,03/22/19,10:40:13,32900,LUX     
4578,03/22/19,10:40:43,32200,LUX     
4579,03/22/19,10:41:13,32000,LUX     
4580,03/22/19,10:41:43,31300,LUX     
4581,03/22/19,10:42:13,32800,LUX     
4582,03/22/19,10:42:43,32600,LUX     
4583,03/22/19,10:43:13,32700,LUX     
4584,03/22/19,10:43:43,32000,LUX     
4585,03/22/19,10:44:13,31500,LUX     
4586,03/22/19,10:44:43,30700,LUX     
4587,03/22/19,10:45:13,29000,LUX     
4588,03/22/19,10:45:43,29200,LUX     
4589,03/22/19,10:46:13,30100,LUX     
4590,03/22/19,10:46:43,30000,LUX     
4591,03/22/19,10:47:13,30200,LUX     
4592,03/22/19,10:47:43,29600,LUX     
4593,03/22/19,10:48:13,30100,LUX     
4594,03/22/19,10:48:43,29700,LUX     
4595,03/22/19,10:49:13,30100,LUX     
4596,03/22/19,10:49:43,29700,LUX     
4597,03/22/19,10:50:13,28500,LUX     
4598,03/22/19,10:50:43,27300,LUX     
4599,03/22/19,10:51:13,27300,LUX     
4600,03/22/19,10:51:43,25300,LUX     
4601,03/22/19,10:52:13,23500,LUX     
4602,03/22/19,10:52:43,23300,LUX     
4603,03/22/19,10:53:13,25200,LUX     
4604,03/22/19,10:53:43,26400,LUX     
4605,03/22/19,10:54:13,28100,LUX     
4606,03/22/19,10:54:43,27900,LUX     
4607,03/22/19,10:55:13,27000,LUX     
4608,03/22/19,10:55:43,27600,LUX     
4609,03/22/19,10:56:13,28500,LUX     
4610,03/22/19,10:56:43,28100,LUX     
4611,03/22/19,10:57:13,27800,LUX     
4612,03/22/19,10:57:43,27700,LUX     
4613,03/22/19,10:58:13,28800,LUX     
4614,03/22/19,10:58:43,28600,LUX     
4615,03/22/19,10:59:13,28400,LUX     
4616,03/22/19,10:59:43,28200,LUX     
4617,03/22/19,11:00:13,27700,LUX     
4618,03/22/19,11:00:43,28200,LUX     
4619,03/22/19,11:01:13,28000,LUX     
4620,03/22/19,11:01:43,28300,LUX     
4621,03/22/19,11:02:13,28200,LUX     
4622,03/22/19,11:02:43,27700,LUX     
4623,03/22/19,11:03:13,26700,LUX     
4624,03/22/19,11:03:43,26500,LUX     
4625,03/22/19,11:04:13,26800,LUX     
4626,03/22/19,11:04:43,27400,LUX     
4627,03/22/19,11:05:13,26600,LUX     
4628,03/22/19,11:05:43,25900,LUX     
4629,03/22/19,11:06:13,25300,LUX     
4630,03/22/19,11:06:43,25500,LUX     
4631,03/22/19,11:07:13,26300,LUX     
4632,03/22/19,11:07:43,27300,LUX     
4633,03/22/19,11:08:13,26600,LUX     
4634,03/22/19,11:08:43,26200,LUX     
4635,03/22/19,11:09:13,28900,LUX     
4636,03/22/19,11:09:43,27900,LUX     
4637,03/22/19,11:10:13,27700,LUX     
4638,03/22/19,11:10:43,28000,LUX     
4639,03/22/19,11:11:13,28900,LUX     
4640,03/22/19,11:11:43,28000,LUX     
4641,03/22/19,11:12:13,28500,LUX     
4642,03/22/19,11:12:43,28300,LUX     
4643,03/22/19,11:13:13,28400,LUX     
4644,03/22/19,11:13:43,28800,LUX     
4645,03/22/19,11:14:13,29100,LUX     
4646,03/22/19,11:14:43,29200,LUX     
4647,03/22/19,11:15:13,28400,LUX     
4648,03/22/19,11:15:43,27900,LUX     
4649,03/22/19,11:16:13,29100,LUX     
4650,03/22/19,11:16:43,28700,LUX     
4651,03/22/19,11:17:13,28300,LUX     
4652,03/22/19,11:17:43,27200,LUX     
4653,03/22/19,11:18:13,26400,LUX     
4654,03/22/19,11:18:43,25100,LUX     
4655,03/22/19,11:19:13,24500,LUX     
4656,03/22/19,11:19:43,22400,LUX     
4657,03/22/19,11:20:13,18700,LUX     
4658,03/22/19,11:20:43,14580,LUX     
4659,03/22/19,11:21:13,10410,LUX     
4660,03/22/19,11:21:43,7630,LUX     
4661,03/22/19,11:22:13,6180,LUX     
4662,03/22/19,11:22:43,5960,LUX     
4663,03/22/19,11:23:13,5860,LUX     
4664,03/22/19,11:23:43,5780,LUX     
4665,03/22/19,11:24:13,5730,LUX     
4666,03/22/19,11:24:43,5680,LUX     
4667,03/22/19,11:25:13,5640,LUX     
4668,03/22/19,11:25:43,5570,LUX     
4669,03/22/19,11:26:13,5480,LUX     
4670,03/22/19,11:26:43,5450,LUX     
4671,03/22/19,11:27:13,5410,LUX     
4672,03/22/19,11:27:43,5360,LUX     
4673,03/22/19,11:28:13,5340,LUX     
4674,03/22/19,11:28:43,5290,LUX     
4675,03/22/19,11:29:13,5380,LUX     
4676,03/22/19,11:29:43,5410,LUX     
4677,03/22/19,11:30:13,5410,LUX     
4678,03/22/19,11:30:43,5350,LUX     
4679,03/22/19,11:31:13,5320,LUX     
4680,03/22/19,11:31:43,5260,LUX     
4681,03/22/19,11:32:13,5140,LUX     
4682,03/22/19,11:32:43,5050,LUX     
4683,03/22/19,11:33:13,4910,LUX     
4684,03/22/19,11:33:43,5010,LUX     
4685,03/22/19,11:34:13,5020,LUX     
4686,03/22/19,11:34:43,4990,LUX     
4687,03/22/19,11:35:13,5000,LUX     
4688,03/22/19,11:35:43,4900,LUX     
4689,03/22/19,11:36:13,5000,LUX     
4690,03/22/19,11:36:43,5110,LUX     
4691,03/22/19,11:37:13,5070,LUX     
4692,03/22/19,11:37:43,5070,LUX     
4693,03/22/19,11:38:13,4870,LUX     
4694,03/22/19,11:38:43,4670,LUX     
4695,03/22/19,11:39:13,4850,LUX     
4696,03/22/19,11:39:43,4730,LUX     
4697,03/22/19,11:40:13,4810,LUX     
4698,03/22/19,11:40:43,5050,LUX     
4699,03/22/19,11:41:13,5190,LUX     
4700,03/22/19,11:41:43,5210,LUX     
4701,03/22/19,11:42:13,5170,LUX     
4702,03/22/19,11:42:43,5040,LUX     
4703,03/22/19,11:43:13,5090,LUX     
4704,03/22/19,11:43:43,5160,LUX     
4705,03/22/19,11:44:13,5180,LUX     
4706,03/22/19,11:44:43,5200,LUX     
4707,03/22/19,11:45:13,5050,LUX     
4708,03/22/19,11:45:43,5170,LUX     
4709,03/22/19,11:46:13,5040,LUX     
4710,03/22/19,11:46:43,5150,LUX     
4711,03/22/19,11:47:13,5120,LUX     
4712,03/22/19,11:47:43,5010,LUX     
4713,03/22/19,11:48:13,5140,LUX     
4714,03/22/19,11:48:43,5180,LUX     
4715,03/22/19,11:49:13,5090,LUX     
4716,03/22/19,11:49:43,5200,LUX     
4717,03/22/19,11:50:13,5260,LUX     
4718,03/22/19,11:50:43,5260,LUX     
4719,03/22/19,11:51:13,5100,LUX     
4720,03/22/19,11:51:43,5060,LUX     
4721,03/22/19,11:52:13,4920,LUX     
4722,03/22/19,11:52:43,4830,LUX     
4723,03/22/19,11:53:13,4610,LUX     
Place,Date,Time,Value,Unit
4724,03/26/19,09:10:20,205,LUX     
4725,03/26/19,09:10:50,219,LUX     
4726,03/26/19,09:11:20,221,LUX     
4727,03/26/19,09:11:50,192,LUX     
4728,03/26/19,09:12:20,232,LUX     
4729,03/26/19,09:12:50,231,LUX     
4730,03/26/19,09:13:20,154,LUX     
4731,03/26/19,09:13:50,241,LUX     
4732,03/26/19,09:14:20,260,LUX     
4733,03/26/19,09:14:50,298,LUX     
4734,03/26/19,09:15:20,293,LUX     
4735,03/26/19,09:15:50,407,LUX     
4736,03/26/19,09:16:20,449,LUX     
4737,03/26/19,09:16:50,477,LUX     
4738,03/26/19,09:17:20,484,LUX     
4739,03/26/19,09:17:50,487,LUX     
4740,03/26/19,09:18:20,486,LUX     
4741,03/26/19,09:18:50,490,LUX     
4742,03/26/19,09:19:20,487,LUX     
4743,03/26/19,09:19:50,458,LUX     
4744,03/26/19,09:20:20,444,LUX     
4745,03/26/19,09:20:50,490,LUX     
4746,03/26/19,09:21:20,477,LUX     
4747,03/26/19,09:21:50,472,LUX     
4748,03/26/19,09:22:20,474,LUX     
4749,03/26/19,09:22:50,472,LUX     
4750,03/26/19,09:23:20,472,LUX     
4751,03/26/19,09:23:50,469,LUX     
4752,03/26/19,09:24:20,455,LUX     
4753,03/26/19,09:24:50,443,LUX     
4754,03/26/19,09:25:20,458,LUX     
4755,03/26/19,09:25:50,451,LUX     
4756,03/26/19,09:26:20,432,LUX     
4757,03/26/19,09:26:50,199,LUX     
4758,03/26/19,09:27:20,461,LUX     
4759,03/26/19,09:27:50,453,LUX     
4760,03/26/19,09:28:20,446,LUX     
4761,03/26/19,09:28:50,440,LUX     
4762,03/26/19,09:29:20,417,LUX     
4763,03/26/19,09:29:50,401,LUX     
4764,03/26/19,09:30:20,203,LUX     
4765,03/26/19,09:30:50,134,LUX     
4766,03/26/19,09:31:20,140,LUX     
4767,03/26/19,09:31:50,151,LUX     
4768,03/26/19,09:32:20,209,LUX     
4769,03/26/19,09:32:50,436,LUX     
4770,03/26/19,09:33:20,275,LUX     
4771,03/26/19,09:33:50,388,LUX     
4772,03/26/19,09:34:20,371,LUX     
4773,03/26/19,09:34:50,283,LUX     
4774,03/26/19,09:35:20,179,LUX     
4775,03/26/19,09:35:50,216,LUX     
4776,03/26/19,09:36:20,193,LUX     
4777,03/26/19,09:36:50,160,LUX     
4778,03/26/19,09:37:20,175,LUX     
4779,03/26/19,09:37:50,252,LUX     
4780,03/26/19,09:38:20,275,LUX     
4781,03/26/19,09:38:50,323,LUX     
4782,03/26/19,09:39:20,514,LUX     
4783,03/26/19,09:39:50,486,LUX     
4784,03/26/19,09:40:20,437,LUX     
4785,03/26/19,09:40:50,441,LUX     
4786,03/26/19,09:41:20,397,LUX     
4787,03/26/19,09:41:50,257,LUX     
4788,03/26/19,09:42:20,233,LUX     
4789,03/26/19,09:42:50,174,LUX     
4790,03/26/19,09:43:20,343,LUX     
4791,03/26/19,09:43:50,382,LUX     
4792,03/26/19,09:44:20,404,LUX     
4793,03/26/19,09:44:50,387,LUX     
4794,03/26/19,09:45:20,420,LUX     
4795,03/26/19,09:45:50,304,LUX     
4796,03/26/19,09:46:20,401,LUX     
4797,03/26/19,09:46:50,426,LUX     
4798,03/26/19,09:47:20,422,LUX     
4799,03/26/19,09:47:50,397,LUX     
4800,03/26/19,09:48:20,422,LUX     
4801,03/26/19,09:48:50,420,LUX     
4802,03/26/19,09:49:20,426,LUX     
4803,03/26/19,09:49:50,426,LUX     
4804,03/26/19,09:50:20,372,LUX     
4805,03/26/19,09:50:50,111,LUX     
4806,03/26/19,09:51:20,97,LUX     
4807,03/26/19,09:51:50,96,LUX     
4808,03/26/19,09:52:20,100,LUX     
4809,03/26/19,09:52:50,118,LUX     
4810,03/26/19,09:53:20,182,LUX     
4811,03/26/19,09:53:50,136,LUX     
4812,03/26/19,09:54:20,441,LUX     
4813,03/26/19,09:54:50,430,LUX     
4814,03/26/19,09:55:20,437,LUX     
4815,03/26/19,09:55:50,437,LUX     
4816,03/26/19,09:56:20,442,LUX     
4817,03/26/19,09:56:50,422,LUX     
4818,03/26/19,09:57:20,235,LUX     
4819,03/26/19,09:57:50,149,LUX     
4820,03/26/19,09:58:20,140,LUX     
4821,03/26/19,09:58:50,385,LUX     
4822,03/26/19,09:59:20,434,LUX     
4823,03/26/19,09:59:50,419,LUX     
4824,03/26/19,10:00:20,422,LUX     
4825,03/26/19,10:00:50,447,LUX     
4826,03/26/19,10:01:20,448,LUX     
4827,03/26/19,10:01:50,451,LUX     
4828,03/26/19,10:02:20,455,LUX     
4829,03/26/19,10:02:50,420,LUX     
4830,03/26/19,10:03:20,454,LUX     
4831,03/26/19,10:03:50,451,LUX     
4832,03/26/19,10:04:20,457,LUX     
4833,03/26/19,10:04:50,343,LUX     
4834,03/26/19,10:05:20,140,LUX     
4835,03/26/19,10:05:50,124,LUX     
4836,03/26/19,10:06:20,120,LUX     
4837,03/26/19,10:06:50,292,LUX     
4838,03/26/19,10:07:20,348,LUX     
4839,03/26/19,10:07:50,465,LUX     
4840,03/26/19,10:08:20,461,LUX     
4841,03/26/19,10:08:50,460,LUX     
4842,03/26/19,10:09:20,464,LUX     
4843,03/26/19,10:09:50,465,LUX     
4844,03/26/19,10:10:20,458,LUX     
4845,03/26/19,10:10:50,364,LUX     
4846,03/26/19,10:11:20,433,LUX     
4847,03/26/19,10:11:50,418,LUX     
4848,03/26/19,10:12:20,434,LUX     
4849,03/26/19,10:12:50,400,LUX     
4850,03/26/19,10:13:20,134,LUX     
4851,03/26/19,10:13:50,233,LUX     
4852,03/26/19,10:14:20,135,LUX     
4853,03/26/19,10:14:50,139,LUX     
4854,03/26/19,10:15:20,95,LUX     
4855,03/26/19,10:15:50,75,LUX     
4856,03/26/19,10:16:20,64,LUX     
4857,03/26/19,10:16:50,57,LUX     
4858,03/26/19,10:17:20,51,LUX     
4859,03/26/19,10:17:50,46,LUX     
4860,03/26/19,10:18:20,42,LUX     
4861,03/26/19,10:18:50,39,LUX     
4862,03/26/19,10:19:20,36,LUX     
4863,03/26/19,10:19:50,35,LUX     
4864,03/26/19,10:20:20,34,LUX     
4865,03/26/19,10:20:50,32,LUX     
4866,03/26/19,10:21:20,33,LUX     
4867,03/26/19,10:21:50,31,LUX     
4868,03/26/19,10:22:20,31,LUX     
4869,03/26/19,10:22:50,30,LUX     
4870,03/26/19,10:23:20,30,LUX     
4871,03/26/19,10:23:50,30,LUX     
4872,03/26/19,10:24:20,29,LUX     
4873,03/26/19,10:24:50,28,LUX     
4874,03/26/19,10:25:20,27,LUX     
4875,03/26/19,10:25:50,26,LUX     
4876,03/26/19,10:26:20,25,LUX     
4877,03/26/19,10:26:50,24,LUX     
4878,03/26/19,10:27:20,23,LUX     
4879,03/26/19,10:27:50,23,LUX     
4880,03/26/19,10:28:20,22,LUX     
4881,03/26/19,10:28:50,21,LUX     
4882,03/26/19,10:29:20,21,LUX     
4883,03/26/19,10:29:50,20,LUX     
4884,03/26/19,10:30:20,19,LUX     
4885,03/26/19,10:30:50,19,LUX     
4886,03/26/19,10:31:20,18,LUX     
4887,03/26/19,10:31:50,17,LUX     
4888,03/26/19,10:32:20,17,LUX     
4889,03/26/19,10:32:50,17,LUX     
4890,03/26/19,10:33:20,16,LUX     
4891,03/26/19,10:33:50,17,LUX     
4892,03/26/19,10:34:20,17,LUX     
4893,03/26/19,10:34:50,17,LUX     
4894,03/26/19,10:35:20,18,LUX     
4895,03/26/19,10:35:50,19,LUX     
4896,03/26/19,10:36:20,19,LUX     
4897,03/26/19,10:36:50,20,LUX     
4898,03/26/19,10:37:20,20,LUX     
4899,03/26/19,10:37:50,21,LUX     
4900,03/26/19,10:38:20,21,LUX     
4901,03/26/19,10:38:50,22,LUX     
4902,03/26/19,10:39:20,22,LUX     
4903,03/26/19,10:39:50,23,LUX     
4904,03/26/19,10:40:20,23,LUX     
4905,03/26/19,10:40:50,24,LUX     
4906,03/26/19,10:41:20,25,LUX     
4907,03/26/19,10:41:50,25,LUX     
4908,03/26/19,10:42:20,26,LUX     
4909,03/26/19,10:42:50,26,LUX     
4910,03/26/19,10:43:20,27,LUX     
4911,03/26/19,10:43:50,28,LUX     
4912,03/26/19,10:44:20,28,LUX     
4913,03/26/19,10:44:50,28,LUX     
4914,03/26/19,10:45:20,29,LUX     
4915,03/26/19,10:45:50,29,LUX     
4916,03/26/19,10:46:20,30,LUX     
4917,03/26/19,10:46:50,30,LUX     
4918,03/26/19,10:47:20,30,LUX     
4919,03/26/19,10:47:50,30,LUX     
4920,03/26/19,10:48:20,30,LUX     
4921,03/26/19,10:48:50,31,LUX     
4922,03/26/19,10:49:20,32,LUX     
4923,03/26/19,10:49:50,32,LUX     
4924,03/26/19,10:50:20,33,LUX     
4925,03/26/19,10:50:50,35,LUX     
4926,03/26/19,10:51:20,35,LUX     
4927,03/26/19,10:51:50,35,LUX     
4928,03/26/19,10:52:20,35,LUX     
4929,03/26/19,10:52:50,36,LUX     
4930,03/26/19,10:53:20,35,LUX     
4931,03/26/19,10:53:50,35,LUX     
4932,03/26/19,10:54:20,34,LUX     
4933,03/26/19,10:54:50,34,LUX     
4934,03/26/19,10:55:20,35,LUX     
4935,03/26/19,10:55:50,35,LUX     
4936,03/26/19,10:56:20,35,LUX     
4937,03/26/19,10:56:50,36,LUX     
4938,03/26/19,10:57:20,37,LUX     
4939,03/26/19,10:57:50,38,LUX     
4940,03/26/19,10:58:20,38,LUX     
4941,03/26/19,10:58:50,38,LUX     
4942,03/26/19,10:59:20,39,LUX     
4943,03/26/19,10:59:50,39,LUX     
4944,03/26/19,11:00:20,39,LUX     
4945,03/26/19,11:00:50,39,LUX     
4946,03/26/19,11:01:20,39,LUX     
4947,03/26/19,11:01:50,39,LUX     
4948,03/26/19,11:02:20,40,LUX     
4949,03/26/19,11:02:50,40,LUX     
4950,03/26/19,11:03:20,40,LUX     
4951,03/26/19,11:03:50,41,LUX     
4952,03/26/19,11:04:20,41,LUX     
4953,03/26/19,11:04:50,42,LUX     
4954,03/26/19,11:05:20,42,LUX     
4955,03/26/19,11:05:50,42,LUX     
4956,03/26/19,11:06:20,43,LUX     
4957,03/26/19,11:06:50,44,LUX     
4958,03/26/19,11:07:20,44,LUX     
4959,03/26/19,11:07:50,44,LUX     
4960,03/26/19,11:08:20,43,LUX     
4961,03/26/19,11:08:50,44,LUX     
4962,03/26/19,11:09:20,44,LUX     
4963,03/26/19,11:09:50,44,LUX     
4964,03/26/19,11:10:20,45,LUX     
4965,03/26/19,11:10:50,45,LUX     
4966,03/26/19,11:11:20,46,LUX     
4967,03/26/19,11:11:50,46,LUX     
4968,03/26/19,11:12:20,46,LUX     
4969,03/26/19,11:12:50,46,LUX     
4970,03/26/19,11:13:20,47,LUX     
4971,03/26/19,11:13:50,48,LUX     
4972,03/26/19,11:14:20,49,LUX     
4973,03/26/19,11:14:50,51,LUX     
4974,03/26/19,11:15:20,53,LUX     
4975,03/26/19,11:15:50,54,LUX     
4976,03/26/19,11:16:20,56,LUX     
4977,03/26/19,11:16:50,57,LUX     
4978,03/26/19,11:17:20,59,LUX     
4979,03/26/19,11:17:50,59,LUX     
4980,03/26/19,11:18:20,60,LUX     
4981,03/26/19,11:18:50,61,LUX     
4982,03/26/19,11:19:20,61,LUX     
4983,03/26/19,11:19:50,62,LUX     
4984,03/26/19,11:20:20,62,LUX     
4985,03/26/19,11:20:50,64,LUX     
Place,Date,Time,Value,Unit
4986,03/28/19,09:24:17,416,LUX     
4987,03/28/19,09:24:47,415,LUX     
4988,03/28/19,09:25:17,415,LUX     
4989,03/28/19,09:25:47,415,LUX     
4990,03/28/19,09:26:17,416,LUX     
4991,03/28/19,09:26:47,423,LUX     
4992,03/28/19,09:27:17,432,LUX     
4993,03/28/19,09:27:47,442,LUX     
4994,03/28/19,09:28:17,458,LUX     
4995,03/28/19,09:28:47,472,LUX     
4996,03/28/19,09:29:17,489,LUX     
4997,03/28/19,09:29:47,508,LUX     
4998,03/28/19,09:30:17,521,LUX     
4999,03/28/19,09:30:47,527,LUX     
5000,03/28/19,09:31:17,517,LUX     
5001,03/28/19,09:31:47,507,LUX     
5002,03/28/19,09:32:17,498,LUX     
5003,03/28/19,09:32:47,485,LUX     
5004,03/28/19,09:33:17,468,LUX     
5005,03/28/19,09:33:47,456,LUX     
5006,03/28/19,09:34:17,445,LUX     
5007,03/28/19,09:34:47,441,LUX     
5008,03/28/19,09:35:17,436,LUX     
5009,03/28/19,09:35:47,434,LUX     
5010,03/28/19,09:36:17,433,LUX     
5011,03/28/19,09:36:47,431,LUX     
5012,03/28/19,09:37:17,433,LUX     
5013,03/28/19,09:37:47,435,LUX     
5014,03/28/19,09:38:17,433,LUX     
5015,03/28/19,09:38:47,431,LUX     
5016,03/28/19,09:39:17,429,LUX     
5017,03/28/19,09:39:47,429,LUX     
5018,03/28/19,09:40:17,429,LUX     
5019,03/28/19,09:40:47,431,LUX     
5020,03/28/19,09:41:17,429,LUX     
5021,03/28/19,09:41:47,431,LUX     
5022,03/28/19,09:42:17,431,LUX     
5023,03/28/19,09:42:47,431,LUX     
5024,03/28/19,09:43:17,432,LUX     
5025,03/28/19,09:43:47,434,LUX     
5026,03/28/19,09:44:17,432,LUX     
5027,03/28/19,09:44:47,430,LUX     
5028,03/28/19,09:45:17,427,LUX     
5029,03/28/19,09:45:47,427,LUX     
5030,03/28/19,09:46:17,428,LUX     
5031,03/28/19,09:46:47,425,LUX     
5032,03/28/19,09:47:17,420,LUX     
5033,03/28/19,09:47:47,421,LUX     
5034,03/28/19,09:48:17,423,LUX     
5035,03/28/19,09:48:47,422,LUX     
5036,03/28/19,09:49:17,426,LUX     
5037,03/28/19,09:49:47,429,LUX     
5038,03/28/19,09:50:17,428,LUX     
5039,03/28/19,09:50:47,428,LUX     
5040,03/28/19,09:51:17,424,LUX     
5041,03/28/19,09:51:47,422,LUX     
5042,03/28/19,09:52:17,421,LUX     
5043,03/28/19,09:52:47,422,LUX     
5044,03/28/19,09:53:17,424,LUX     
5045,03/28/19,09:53:47,424,LUX     
5046,03/28/19,09:54:17,423,LUX     
5047,03/28/19,09:54:47,424,LUX     
5048,03/28/19,09:55:17,426,LUX     
5049,03/28/19,09:55:47,429,LUX     
5050,03/28/19,09:56:17,429,LUX     
5051,03/28/19,09:56:47,428,LUX     
5052,03/28/19,09:57:17,426,LUX     
5053,03/28/19,09:57:47,427,LUX     
5054,03/28/19,09:58:17,429,LUX     
5055,03/28/19,09:58:47,429,LUX     
5056,03/28/19,09:59:17,429,LUX     
5057,03/28/19,09:59:47,428,LUX     
5058,03/28/19,10:00:17,424,LUX     
5059,03/28/19,10:00:47,425,LUX     
5060,03/28/19,10:01:17,424,LUX     
5061,03/28/19,10:01:47,423,LUX     
5062,03/28/19,10:02:17,420,LUX     
5063,03/28/19,10:02:47,416,LUX     
5064,03/28/19,10:03:17,410,LUX     
5065,03/28/19,10:03:47,410,LUX     
5066,03/28/19,10:04:17,406,LUX     
5067,03/28/19,10:04:47,406,LUX     
5068,03/28/19,10:05:17,406,LUX     
5069,03/28/19,10:05:47,409,LUX     
5070,03/28/19,10:06:17,410,LUX     
5071,03/28/19,10:06:47,411,LUX     
5072,03/28/19,10:07:17,411,LUX     
5073,03/28/19,10:07:47,410,LUX     
5074,03/28/19,10:08:17,409,LUX     
5075,03/28/19,10:08:47,411,LUX     
5076,03/28/19,10:09:17,409,LUX     
5077,03/28/19,10:09:47,407,LUX     
5078,03/28/19,10:10:17,407,LUX     
5079,03/28/19,10:10:47,406,LUX     
5080,03/28/19,10:11:17,404,LUX     
5081,03/28/19,10:11:47,400,LUX     
5082,03/28/19,10:12:17,400,LUX     
5083,03/28/19,10:12:47,397,LUX     
5084,03/28/19,10:13:17,395,LUX     
5085,03/28/19,10:13:47,399,LUX     
5086,03/28/19,10:14:17,401,LUX     
5087,03/28/19,10:14:47,402,LUX     
5088,03/28/19,10:15:17,405,LUX     
5089,03/28/19,10:15:47,407,LUX     
5090,03/28/19,10:16:17,405,LUX     
5091,03/28/19,10:16:47,402,LUX     
5092,03/28/19,10:17:17,400,LUX     
5093,03/28/19,10:17:47,398,LUX     
5094,03/28/19,10:18:17,397,LUX     
5095,03/28/19,10:18:47,399,LUX     
5096,03/28/19,10:19:17,399,LUX     
5097,03/28/19,10:19:47,399,LUX     
5098,03/28/19,10:20:17,403,LUX     
5099,03/28/19,10:20:47,406,LUX     
5100,03/28/19,10:21:17,406,LUX     
5101,03/28/19,10:21:47,400,LUX     
5102,03/28/19,10:22:17,400,LUX     
5103,03/28/19,10:22:47,396,LUX     
5104,03/28/19,10:23:17,398,LUX     
5105,03/28/19,10:23:47,402,LUX     
5106,03/28/19,10:24:17,394,LUX     
5107,03/28/19,10:24:47,391,LUX     
5108,03/28/19,10:25:17,387,LUX     
5109,03/28/19,10:25:47,390,LUX     
5110,03/28/19,10:26:17,391,LUX     
5111,03/28/19,10:26:47,399,LUX     
5112,03/28/19,10:27:17,396,LUX     
5113,03/28/19,10:27:47,394,LUX     
5114,03/28/19,10:28:17,390,LUX     
5115,03/28/19,10:28:47,386,LUX     
5116,03/28/19,10:29:17,387,LUX     
5117,03/28/19,10:29:47,391,LUX     
5118,03/28/19,10:30:17,390,LUX     
5119,03/28/19,10:30:47,390,LUX     
5120,03/28/19,10:31:17,392,LUX     
5121,03/28/19,10:31:47,386,LUX     
5122,03/28/19,10:32:17,385,LUX     
5123,03/28/19,10:32:47,383,LUX     
5124,03/28/19,10:33:17,374,LUX     
5125,03/28/19,10:33:47,377,LUX     
5126,03/28/19,10:34:17,376,LUX     
5127,03/28/19,10:34:47,370,LUX     
5128,03/28/19,10:35:17,368,LUX     
5129,03/28/19,10:35:47,374,LUX     
5130,03/28/19,10:36:17,381,LUX     
5131,03/28/19,10:36:47,384,LUX     
5132,03/28/19,10:37:17,384,LUX     
5133,03/28/19,10:37:47,384,LUX     
5134,03/28/19,10:38:17,382,LUX     
5135,03/28/19,10:38:47,384,LUX     
5136,03/28/19,10:39:17,381,LUX     
5137,03/28/19,10:39:47,366,LUX     
5138,03/28/19,10:40:17,316,LUX     
5139,03/28/19,10:40:47,278,LUX     
5140,03/28/19,10:41:17,246,LUX     
5141,03/28/19,10:41:47,235,LUX     
5142,03/28/19,10:42:17,224,LUX     
5143,03/28/19,10:42:47,226,LUX     
5144,03/28/19,10:43:17,226,LUX     
5145,03/28/19,10:43:47,244,LUX     
5146,03/28/19,10:44:17,223,LUX     
5147,03/28/19,10:44:47,210,LUX     
5148,03/28/19,10:45:17,231,LUX     
5149,03/28/19,10:45:47,224,LUX     
5150,03/28/19,10:46:17,244,LUX     
5151,03/28/19,10:46:47,212,LUX     
5152,03/28/19,10:47:17,224,LUX     
5153,03/28/19,10:47:47,281,LUX     
5154,03/28/19,10:48:17,254,LUX     
5155,03/28/19,10:48:47,272,LUX     
5156,03/28/19,10:49:17,278,LUX     
5157,03/28/19,10:49:47,251,LUX     
5158,03/28/19,10:50:17,255,LUX     
5159,03/28/19,10:50:47,249,LUX     
5160,03/28/19,10:51:17,252,LUX     
5161,03/28/19,10:51:47,258,LUX     
5162,03/28/19,10:52:17,262,LUX     
5163,03/28/19,10:52:47,270,LUX     
5164,03/28/19,10:53:17,279,LUX     
5165,03/28/19,10:53:47,316,LUX     
5166,03/28/19,10:54:17,303,LUX     
5167,03/28/19,10:54:47,316,LUX     
5168,03/28/19,10:55:17,326,LUX     
5169,03/28/19,10:55:47,315,LUX     
5170,03/28/19,10:56:17,313,LUX     
5171,03/28/19,10:56:47,316,LUX     
5172,03/28/19,10:57:17,316,LUX     
5173,03/28/19,10:57:47,319,LUX     
5174,03/28/19,10:58:17,317,LUX     
5175,03/28/19,10:58:47,320,LUX     
5176,03/28/19,10:59:17,316,LUX     
5177,03/28/19,10:59:47,315,LUX     
5178,03/28/19,11:00:17,313,LUX     
5179,03/28/19,11:00:47,314,LUX     
5180,03/28/19,11:01:17,315,LUX     
5181,03/28/19,11:01:47,314,LUX     
5182,03/28/19,11:02:17,314,LUX     
5183,03/28/19,11:02:47,309,LUX     
5184,03/28/19,11:03:17,310,LUX     
5185,03/28/19,11:03:47,308,LUX     
5186,03/28/19,11:04:17,307,LUX     
5187,03/28/19,11:04:47,306,LUX     
5188,03/28/19,11:05:17,307,LUX     
5189,03/28/19,11:05:47,307,LUX     
5190,03/28/19,11:06:17,306,LUX     
5191,03/28/19,11:06:47,304,LUX     
5192,03/28/19,11:07:17,291,LUX     
5193,03/28/19,11:07:47,261,LUX     
5194,03/28/19,11:08:17,223,LUX     
5195,03/28/19,11:08:47,182,LUX     
5196,03/28/19,11:09:17,146,LUX     
5197,03/28/19,11:09:47,120,LUX     
5198,03/28/19,11:10:17,111,LUX     
5199,03/28/19,11:10:47,110,LUX     
5200,03/28/19,11:11:17,109,LUX     
5201,03/28/19,11:11:47,110,LUX     
5202,03/28/19,11:12:17,110,LUX     
5203,03/28/19,11:12:47,111,LUX     
5204,03/28/19,11:13:17,112,LUX     
5205,03/28/19,11:13:47,113,LUX     
5206,03/28/19,11:14:17,113,LUX     
5207,03/28/19,11:14:47,114,LUX     
5208,03/28/19,11:15:17,116,LUX     
5209,03/28/19,11:15:47,117,LUX     
5210,03/28/19,11:16:17,117,LUX     
5211,03/28/19,11:16:47,118,LUX     
5212,03/28/19,11:17:17,119,LUX     
5213,03/28/19,11:17:47,120,LUX     
5214,03/28/19,11:18:17,119,LUX     
5215,03/28/19,11:18:47,119,LUX     
5216,03/28/19,11:19:17,117,LUX     
5217,03/28/19,11:19:47,114,LUX     
5218,03/28/19,11:20:17,113,LUX     
5219,03/28/19,11:20:47,109,LUX     
5220,03/28/19,11:21:17,98,LUX     
5221,03/28/19,11:21:47,97,LUX     
5222,03/28/19,11:22:17,96,LUX     
5223,03/28/19,11:22:47,97,LUX     
5224,03/28/19,11:23:17,99,LUX     
5225,03/28/19,11:23:47,103,LUX     
5226,03/28/19,11:24:17,104,LUX     
5227,03/28/19,11:24:47,106,LUX     
5228,03/28/19,11:25:17,111,LUX     
5229,03/28/19,11:25:47,105,LUX     
5230,03/28/19,11:26:17,114,LUX     
5231,03/28/19,11:26:47,113,LUX     
5232,03/28/19,11:27:17,111,LUX     
5233,03/28/19,11:27:47,105,LUX     
5234,03/28/19,11:28:17,107,LUX     
5235,03/28/19,11:28:47,108,LUX     
5236,03/28/19,11:29:17,110,LUX     
5237,03/28/19,11:29:47,110,LUX     
5238,03/28/19,11:30:17,104,LUX     
5239,03/28/19,11:30:47,106,LUX     
5240,03/28/19,11:31:17,107,LUX     
5241,03/28/19,11:31:47,105,LUX     
5242,03/28/19,11:32:17,105,LUX     
5243,03/28/19,11:32:47,105,LUX     
5244,03/28/19,11:33:17,108,LUX     
5245,03/28/19,11:33:47,106,LUX     
5246,03/28/19,11:34:17,106,LUX     
5247,03/28/19,11:34:47,106,LUX     
5248,03/28/19,11:35:17,106,LUX     
5249,03/28/19,11:35:47,105,LUX     
5250,03/28/19,11:36:17,105,LUX     
5251,03/28/19,11:36:47,105,LUX     
Place,Date,Time,Value,Unit
5252,03/29/19,09:17:17,155,LUX     
5253,03/29/19,09:17:46,178,LUX     
5254,03/29/19,09:18:16,211,LUX     
5255,03/29/19,09:18:46,250,LUX     
5256,03/29/19,09:19:16,290,LUX     
5257,03/29/19,09:19:46,335,LUX     
5258,03/29/19,09:20:16,369,LUX     
5259,03/29/19,09:20:46,208,LUX     
5260,03/29/19,09:21:16,289,LUX     
5261,03/29/19,09:21:46,394,LUX     
5262,03/29/19,09:22:16,385,LUX     
5263,03/29/19,09:22:46,391,LUX     
5264,03/29/19,09:23:16,389,LUX     
5265,03/29/19,09:23:46,394,LUX     
5266,03/29/19,09:24:16,397,LUX     
5267,03/29/19,09:24:46,193,LUX     
5268,03/29/19,09:25:16,325,LUX     
5269,03/29/19,09:25:46,401,LUX     
5270,03/29/19,09:26:16,417,LUX     
5271,03/29/19,09:26:46,434,LUX     
5272,03/29/19,09:27:16,447,LUX     
5273,03/29/19,09:27:46,478,LUX     
5274,03/29/19,09:28:16,496,LUX     
5275,03/29/19,09:28:46,508,LUX     
5276,03/29/19,09:29:16,499,LUX     
5277,03/29/19,09:29:46,492,LUX     
5278,03/29/19,09:30:16,488,LUX     
5279,03/29/19,09:30:46,474,LUX     
5280,03/29/19,09:31:16,286,LUX     
5281,03/29/19,09:31:46,420,LUX     
5282,03/29/19,09:32:16,418,LUX     
5283,03/29/19,09:32:46,405,LUX     
5284,03/29/19,09:33:16,264,LUX     
5285,03/29/19,09:33:46,400,LUX     
5286,03/29/19,09:34:16,387,LUX     
5287,03/29/19,09:34:46,389,LUX     
5288,03/29/19,09:35:16,389,LUX     
5289,03/29/19,09:35:46,393,LUX     
5290,03/29/19,09:36:16,395,LUX     
5291,03/29/19,09:36:46,397,LUX     
5292,03/29/19,09:37:16,399,LUX     
5293,03/29/19,09:37:46,397,LUX     
5294,03/29/19,09:38:16,395,LUX     
5295,03/29/19,09:38:46,406,LUX     
5296,03/29/19,09:39:16,403,LUX     
5297,03/29/19,09:39:46,402,LUX     
5298,03/29/19,09:40:16,358,LUX     
5299,03/29/19,09:40:46,249,LUX     
5300,03/29/19,09:41:16,397,LUX     
5301,03/29/19,09:41:46,403,LUX     
5302,03/29/19,09:42:16,409,LUX     
5303,03/29/19,09:42:46,412,LUX     
5304,03/29/19,09:43:16,412,LUX     
5305,03/29/19,09:43:46,402,LUX     
5306,03/29/19,09:44:16,413,LUX     
5307,03/29/19,09:44:46,415,LUX     
5308,03/29/19,09:45:16,415,LUX     
5309,03/29/19,09:45:46,412,LUX     
5310,03/29/19,09:46:16,412,LUX     
5311,03/29/19,09:46:46,383,LUX     
5312,03/29/19,09:47:16,212,LUX     
5313,03/29/19,09:47:46,395,LUX     
5314,03/29/19,09:48:16,397,LUX     
5315,03/29/19,09:48:46,400,LUX     
5316,03/29/19,09:49:16,402,LUX     
5317,03/29/19,09:49:46,403,LUX     
5318,03/29/19,09:50:16,413,LUX     
5319,03/29/19,09:50:46,409,LUX     
5320,03/29/19,09:51:16,412,LUX     
5321,03/29/19,09:51:46,422,LUX     
5322,03/29/19,09:52:16,425,LUX     
5323,03/29/19,09:52:46,421,LUX     
5324,03/29/19,09:53:16,416,LUX     
5325,03/29/19,09:53:46,422,LUX     
5326,03/29/19,09:54:16,420,LUX     
5327,03/29/19,09:54:46,410,LUX     
5328,03/29/19,09:55:16,404,LUX     
5329,03/29/19,09:55:46,384,LUX     
5330,03/29/19,09:56:16,394,LUX     
5331,03/29/19,09:56:46,398,LUX     
5332,03/29/19,09:57:16,398,LUX     
5333,03/29/19,09:57:46,395,LUX     
5334,03/29/19,09:58:16,406,LUX     
5335,03/29/19,09:58:46,113,LUX     
5336,03/29/19,09:59:16,392,LUX     
5337,03/29/19,09:59:46,381,LUX     
5338,03/29/19,10:00:16,385,LUX     
5339,03/29/19,10:00:46,391,LUX     
5340,03/29/19,10:01:16,389,LUX     
5341,03/29/19,10:01:46,388,LUX     
5342,03/29/19,10:02:16,388,LUX     
5343,03/29/19,10:02:46,336,LUX     
5344,03/29/19,10:03:16,386,LUX     
5345,03/29/19,10:03:46,387,LUX     
5346,03/29/19,10:04:16,368,LUX     
5347,03/29/19,10:04:46,379,LUX     
5348,03/29/19,10:05:16,381,LUX     
5349,03/29/19,10:05:46,350,LUX     
5350,03/29/19,10:06:16,376,LUX     
5351,03/29/19,10:06:46,382,LUX     
5352,03/29/19,10:07:16,382,LUX     
5353,03/29/19,10:07:46,385,LUX     
5354,03/29/19,10:08:16,358,LUX     
5355,03/29/19,10:08:46,371,LUX     
5356,03/29/19,10:09:16,374,LUX     
5357,03/29/19,10:09:46,374,LUX     
5358,03/29/19,10:10:16,375,LUX     
5359,03/29/19,10:10:46,370,LUX     
5360,03/29/19,10:11:16,375,LUX     
5361,03/29/19,10:11:46,378,LUX     
5362,03/29/19,10:12:16,373,LUX     
5363,03/29/19,10:12:46,376,LUX     
5364,03/29/19,10:13:16,388,LUX     
5365,03/29/19,10:13:46,296,LUX     
5366,03/29/19,10:14:16,70,LUX     
5367,03/29/19,10:14:46,157,LUX     
5368,03/29/19,10:15:16,260,LUX     
5369,03/29/19,10:15:46,374,LUX     
5370,03/29/19,10:16:16,366,LUX     
5371,03/29/19,10:16:46,368,LUX     
5372,03/29/19,10:17:16,372,LUX     
5373,03/29/19,10:17:46,372,LUX     
5374,03/29/19,10:18:16,377,LUX     
5375,03/29/19,10:18:46,383,LUX     
5376,03/29/19,10:19:16,378,LUX     
5377,03/29/19,10:19:46,376,LUX     
5378,03/29/19,10:20:16,374,LUX     
5379,03/29/19,10:20:46,368,LUX     
5380,03/29/19,10:21:16,370,LUX     
5381,03/29/19,10:21:46,364,LUX     
5382,03/29/19,10:22:16,374,LUX     
5383,03/29/19,10:22:46,376,LUX     
5384,03/29/19,10:23:16,378,LUX     
5385,03/29/19,10:23:46,367,LUX     
5386,03/29/19,10:24:16,372,LUX     
5387,03/29/19,10:24:46,365,LUX     
5388,03/29/19,10:25:16,362,LUX     
5389,03/29/19,10:25:46,357,LUX     
5390,03/29/19,10:26:16,359,LUX     
5391,03/29/19,10:26:46,357,LUX     
5392,03/29/19,10:27:16,356,LUX     
5393,03/29/19,10:27:46,352,LUX     
5394,03/29/19,10:28:16,355,LUX     
5395,03/29/19,10:28:46,358,LUX     
5396,03/29/19,10:29:16,320,LUX     
5397,03/29/19,10:29:46,350,LUX     
5398,03/29/19,10:30:16,350,LUX     
5399,03/29/19,10:30:46,303,LUX     
5400,03/29/19,10:31:16,343,LUX     
5401,03/29/19,10:31:46,356,LUX     
5402,03/29/19,10:32:16,279,LUX     
5403,03/29/19,10:32:46,353,LUX     
5404,03/29/19,10:33:16,355,LUX     
5405,03/29/19,10:33:46,317,LUX     
5406,03/29/19,10:34:16,350,LUX     
5407,03/29/19,10:34:46,354,LUX     
5408,03/29/19,10:35:16,352,LUX     
5409,03/29/19,10:35:46,353,LUX     
5410,03/29/19,10:36:16,335,LUX     
5411,03/29/19,10:36:46,350,LUX     
5412,03/29/19,10:37:16,352,LUX     
5413,03/29/19,10:37:46,229,LUX     
5414,03/29/19,10:38:16,321,LUX     
5415,03/29/19,10:38:46,330,LUX     
5416,03/29/19,10:39:16,347,LUX     
5417,03/29/19,10:39:46,354,LUX     
5418,03/29/19,10:40:16,355,LUX     
5419,03/29/19,10:40:46,349,LUX     
5420,03/29/19,10:41:16,233,LUX     
5421,03/29/19,10:41:46,340,LUX     
5422,03/29/19,10:42:16,340,LUX     
5423,03/29/19,10:42:46,339,LUX     
5424,03/29/19,10:43:16,337,LUX     
5425,03/29/19,10:43:46,338,LUX     
5426,03/29/19,10:44:16,329,LUX     
5427,03/29/19,10:44:46,333,LUX     
5428,03/29/19,10:45:16,332,LUX     
5429,03/29/19,10:45:46,336,LUX     
5430,03/29/19,10:46:16,337,LUX     
5431,03/29/19,10:46:46,341,LUX     
5432,03/29/19,10:47:16,343,LUX     
5433,03/29/19,10:47:46,345,LUX     
5434,03/29/19,10:48:16,342,LUX     
5435,03/29/19,10:48:46,333,LUX     
5436,03/29/19,10:49:16,318,LUX     
5437,03/29/19,10:49:46,319,LUX     
5438,03/29/19,10:50:16,312,LUX     
5439,03/29/19,10:50:46,316,LUX     
5440,03/29/19,10:51:16,320,LUX     
5441,03/29/19,10:51:46,324,LUX     
5442,03/29/19,10:52:16,329,LUX     
5443,03/29/19,10:52:46,316,LUX     
5444,03/29/19,10:53:16,297,LUX     
5445,03/29/19,10:53:46,310,LUX     
5446,03/29/19,10:54:16,305,LUX     
5447,03/29/19,10:54:46,310,LUX     
5448,03/29/19,10:55:16,311,LUX     
5449,03/29/19,10:55:46,314,LUX     
5450,03/29/19,10:56:16,314,LUX     
5451,03/29/19,10:56:46,312,LUX     
5452,03/29/19,10:57:16,310,LUX     
5453,03/29/19,10:57:46,309,LUX     
5454,03/29/19,10:58:16,299,LUX     
5455,03/29/19,10:58:46,295,LUX     
5456,03/29/19,10:59:16,299,LUX     
5457,03/29/19,10:59:46,301,LUX     
5458,03/29/19,11:00:16,303,LUX     
5459,03/29/19,11:00:46,301,LUX     
5460,03/29/19,11:01:16,298,LUX     
5461,03/29/19,11:01:46,300,LUX     
5462,03/29/19,11:02:16,298,LUX     
5463,03/29/19,11:02:46,294,LUX     
5464,03/29/19,11:03:16,292,LUX     
5465,03/29/19,11:03:46,293,LUX     
5466,03/29/19,11:04:16,293,LUX     
5467,03/29/19,11:04:46,295,LUX     
5468,03/29/19,11:05:16,292,LUX     
5469,03/29/19,11:05:46,281,LUX     
5470,03/29/19,11:06:16,253,LUX     
5471,03/29/19,11:06:46,210,LUX     
5472,03/29/19,11:07:16,165,LUX     
5473,03/29/19,11:07:46,128,LUX     
5474,03/29/19,11:08:16,100,LUX     
5475,03/29/19,11:08:46,90,LUX     
5476,03/29/19,11:09:16,88,LUX     
5477,03/29/19,11:09:46,87,LUX     
5478,03/29/19,11:10:16,87,LUX     
5479,03/29/19,11:10:46,87,LUX     
5480,03/29/19,11:11:16,87,LUX     
5481,03/29/19,11:11:46,87,LUX     
5482,03/29/19,11:12:16,86,LUX     
5483,03/29/19,11:12:46,86,LUX     
5484,03/29/19,11:13:16,85,LUX     
5485,03/29/19,11:13:46,86,LUX     
5486,03/29/19,11:14:16,86,LUX     
5487,03/29/19,11:14:46,87,LUX     
5488,03/29/19,11:15:16,88,LUX     
5489,03/29/19,11:15:46,88,LUX     
5490,03/29/19,11:16:16,88,LUX     
5491,03/29/19,11:16:46,87,LUX     
5492,03/29/19,11:17:16,86,LUX     
5493,03/29/19,11:17:46,85,LUX     
5494,03/29/19,11:18:16,85,LUX     
5495,03/29/19,11:18:46,86,LUX     
5496,03/29/19,11:19:16,86,LUX     
5497,03/29/19,11:19:46,86,LUX     
5498,03/29/19,11:20:16,87,LUX     
5499,03/29/19,11:20:46,88,LUX     
5500,03/29/19,11:21:16,88,LUX     
5501,03/29/19,11:21:46,88,LUX     
5502,03/29/19,11:22:16,88,LUX     
5503,03/29/19,11:22:46,88,LUX     
5504,03/29/19,11:23:16,87,LUX     
5505,03/29/19,11:23:46,87,LUX     
5506,03/29/19,11:24:16,86,LUX     
5507,03/29/19,11:24:46,86,LUX     
5508,03/29/19,11:25:16,86,LUX     
5509,03/29/19,11:25:46,86,LUX     
5510,03/29/19,11:26:16,86,LUX     
5511,03/29/19,11:26:46,86,LUX     
5512,03/29/19,11:27:16,86,LUX     
5513,03/29/19,11:27:46,85,LUX     
5514,03/29/19,11:28:16,86,LUX     
5515,03/29/19,11:28:46,85,LUX     
5516,03/29/19,11:29:16,85,LUX     
5517,03/29/19,11:29:46,85,LUX     
5518,03/29/19,11:30:16,85,LUX     
5519,03/29/19,11:30:46,85,LUX     
5520,03/29/19,11:31:16,85,LUX     
5521,03/29/19,11:31:46,84,LUX     
5522,03/29/19,11:32:16,84,LUX     
5523,03/29/19,11:32:46,85,LUX     
5524,03/29/19,11:33:16,86,LUX     
5525,03/29/19,11:33:46,88,LUX     
5526,03/29/19,11:34:16,87,LUX     
5527,03/29/19,11:34:46,87,LUX     
5528,03/29/19,11:35:16,87,LUX     
5529,03/29/19,11:35:46,87,LUX     
5530,03/29/19,11:36:16,88,LUX     
5531,03/29/19,11:36:46,89,LUX     
5532,03/29/19,11:37:16,87,LUX     
5533,03/29/19,11:37:46,86,LUX     
5534,03/29/19,11:38:16,87,LUX     
5535,03/29/19,11:38:46,88,LUX     
5536,03/29/19,11:39:16,88,LUX     
5537,03/29/19,11:39:46,76,LUX     
5538,03/29/19,11:40:16,64,LUX     
5539,03/29/19,11:40:46,86,LUX     
5540,03/29/19,11:41:16,86,LUX     
5541,03/29/19,11:41:46,88,LUX     
5542,03/29/19,11:42:16,89,LUX     
5543,03/29/19,11:42:46,89,LUX     
5544,03/29/19,11:43:16,89,LUX     
5545,03/29/19,11:43:46,88,LUX     
5546,03/29/19,11:44:16,88,LUX     
5547,03/29/19,11:44:46,88,LUX     
5548,03/29/19,11:45:16,52,LUX     
Place,Date,Time,Value,Unit
5549,04/01/19,10:24:14,25100,LUX     
5550,04/01/19,10:24:23,25100,LUX     
Place,Date,Time,Value,Unit
5551,04/01/19,10:26:19,25400,LUX     
5552,04/01/19,10:26:48,25400,LUX     
5553,04/01/19,10:27:18,25300,LUX     
5554,04/01/19,10:27:48,25300,LUX     
5555,04/01/19,10:28:18,25400,LUX     
5556,04/01/19,10:28:48,25200,LUX     
5557,04/01/19,10:29:18,25300,LUX     
5558,04/01/19,10:29:48,25300,LUX     
5559,04/01/19,10:30:18,25300,LUX     
5560,04/01/19,10:30:48,25200,LUX     
5561,04/01/19,10:31:18,25300,LUX     
5562,04/01/19,10:31:48,25200,LUX     
5563,04/01/19,10:32:18,25000,LUX     
5564,04/01/19,10:32:48,25100,LUX     
5565,04/01/19,10:33:18,25300,LUX     
5566,04/01/19,10:33:48,25700,LUX     
5567,04/01/19,10:34:18,25800,LUX     
5568,04/01/19,10:34:48,25600,LUX     
5569,04/01/19,10:35:18,25800,LUX     
5570,04/01/19,10:35:48,26000,LUX     
5571,04/01/19,10:36:18,26000,LUX     
5572,04/01/19,10:36:48,26200,LUX     
5573,04/01/19,10:37:18,26200,LUX     
5574,04/01/19,10:37:48,26200,LUX     
5575,04/01/19,10:38:18,26100,LUX     
5576,04/01/19,10:38:48,25700,LUX     
5577,04/01/19,10:39:18,25500,LUX     
5578,04/01/19,10:39:48,26000,LUX     
5579,04/01/19,10:40:18,26000,LUX     
5580,04/01/19,10:40:48,26100,LUX     
5581,04/01/19,10:41:18,26200,LUX     
5582,04/01/19,10:41:48,26200,LUX     
5583,04/01/19,10:42:18,26100,LUX     
5584,04/01/19,10:42:48,26400,LUX     
5585,04/01/19,10:43:18,26200,LUX     
5586,04/01/19,10:43:48,26500,LUX     
5587,04/01/19,10:44:18,26700,LUX     
5588,04/01/19,10:44:48,26900,LUX     
5589,04/01/19,10:45:18,27200,LUX     
5590,04/01/19,10:45:48,27400,LUX     
5591,04/01/19,10:46:18,27500,LUX     
5592,04/01/19,10:46:48,27700,LUX     
5593,04/01/19,10:47:18,27600,LUX     
5594,04/01/19,10:47:48,27600,LUX     
5595,04/01/19,10:48:18,27600,LUX     
5596,04/01/19,10:48:48,27500,LUX     
5597,04/01/19,10:49:18,27500,LUX     
5598,04/01/19,10:49:48,27400,LUX     
5599,04/01/19,10:50:18,27300,LUX     
5600,04/01/19,10:50:48,27400,LUX     
5601,04/01/19,10:51:18,27300,LUX     
5602,04/01/19,10:51:48,27300,LUX     
5603,04/01/19,10:52:18,27200,LUX     
5604,04/01/19,10:52:48,27300,LUX     
5605,04/01/19,10:53:18,27400,LUX     
5606,04/01/19,10:53:48,27400,LUX     
5607,04/01/19,10:54:18,27300,LUX     
5608,04/01/19,10:54:48,27300,LUX     
5609,04/01/19,10:55:18,27200,LUX     
5610,04/01/19,10:55:48,27200,LUX     
5611,04/01/19,10:56:18,27200,LUX     
5612,04/01/19,10:56:48,27500,LUX     
5613,04/01/19,10:57:18,27700,LUX     
5614,04/01/19,10:57:48,27800,LUX     
5615,04/01/19,10:58:18,28100,LUX     
5616,04/01/19,10:58:48,28100,LUX     
5617,04/01/19,10:59:18,27900,LUX     
5618,04/01/19,10:59:48,27800,LUX     
5619,04/01/19,11:00:18,27700,LUX     
5620,04/01/19,11:00:48,27500,LUX     
5621,04/01/19,11:01:18,27400,LUX     
5622,04/01/19,11:01:48,27500,LUX     
5623,04/01/19,11:02:18,27400,LUX     
5624,04/01/19,11:02:48,27500,LUX     
5625,04/01/19,11:03:18,27400,LUX     
5626,04/01/19,11:03:48,27300,LUX     
5627,04/01/19,11:04:18,27200,LUX     
5628,04/01/19,11:04:48,27000,LUX     
5629,04/01/19,11:05:18,27300,LUX     
5630,04/01/19,11:05:48,27300,LUX     
5631,04/01/19,11:06:18,27200,LUX     
5632,04/01/19,11:06:48,27100,LUX     
5633,04/01/19,11:07:18,27100,LUX     
5634,04/01/19,11:07:48,27000,LUX     
5635,04/01/19,11:08:18,26900,LUX     
5636,04/01/19,11:08:48,26700,LUX     
5637,04/01/19,11:09:18,26600,LUX     
5638,04/01/19,11:09:48,26400,LUX     
5639,04/01/19,11:10:18,26600,LUX     
5640,04/01/19,11:10:48,26800,LUX     
5641,04/01/19,11:11:18,27000,LUX     
5642,04/01/19,11:11:48,27300,LUX     
5643,04/01/19,11:12:18,27400,LUX     
5644,04/01/19,11:12:48,27500,LUX     
5645,04/01/19,11:13:18,27500,LUX     
5646,04/01/19,11:13:48,27600,LUX     
5647,04/01/19,11:14:18,27500,LUX     
5648,04/01/19,11:14:48,27500,LUX     
5649,04/01/19,11:15:18,27300,LUX     
5650,04/01/19,11:15:48,27100,LUX     
5651,04/01/19,11:16:18,26900,LUX     
5652,04/01/19,11:16:48,27200,LUX     
5653,04/01/19,11:17:18,27300,LUX     
5654,04/01/19,11:17:48,27300,LUX     
5655,04/01/19,11:18:18,27300,LUX     
5656,04/01/19,11:18:48,27200,LUX     
5657,04/01/19,11:19:18,27100,LUX     
5658,04/01/19,11:19:48,27100,LUX     
5659,04/01/19,11:20:18,26800,LUX     
5660,04/01/19,11:20:48,26900,LUX     
5661,04/01/19,11:21:18,26800,LUX     
5662,04/01/19,11:21:48,26600,LUX     
5663,04/01/19,11:22:18,26500,LUX     
5664,04/01/19,11:22:48,26600,LUX     
5665,04/01/19,11:23:18,26500,LUX     
5666,04/01/19,11:23:48,26700,LUX     
5667,04/01/19,11:24:18,26700,LUX     
5668,04/01/19,11:24:48,26900,LUX     
5669,04/01/19,11:25:18,27100,LUX     
5670,04/01/19,11:25:48,27300,LUX     
5671,04/01/19,11:26:18,27400,LUX     
5672,04/01/19,11:26:48,27400,LUX     
5673,04/01/19,11:27:18,27200,LUX     
5674,04/01/19,11:27:48,27100,LUX     
5675,04/01/19,11:28:18,26800,LUX     
5676,04/01/19,11:28:48,26600,LUX     
5677,04/01/19,11:29:18,26700,LUX     
5678,04/01/19,11:29:48,26900,LUX     
5679,04/01/19,11:30:18,26800,LUX     
5680,04/01/19,11:30:48,26400,LUX     
5681,04/01/19,11:31:18,26400,LUX     
5682,04/01/19,11:31:48,26500,LUX     
5683,04/01/19,11:32:18,26600,LUX     
5684,04/01/19,11:32:48,26800,LUX     
5685,04/01/19,11:33:18,27200,LUX     
5686,04/01/19,11:33:48,27300,LUX     
5687,04/01/19,11:34:18,27300,LUX     
5688,04/01/19,11:34:48,27100,LUX     
5689,04/01/19,11:35:18,26900,LUX     
5690,04/01/19,11:35:48,26500,LUX     
5691,04/01/19,11:36:18,26400,LUX     
5692,04/01/19,11:36:48,26300,LUX     
5693,04/01/19,11:37:18,26400,LUX     
5694,04/01/19,11:37:48,26300,LUX     
5695,04/01/19,11:38:18,26400,LUX     
5696,04/01/19,11:38:48,26300,LUX     
5697,04/01/19,11:39:18,26300,LUX     
5698,04/01/19,11:39:48,26600,LUX     
5699,04/01/19,11:40:18,26600,LUX     
5700,04/01/19,11:40:48,26500,LUX     
5701,04/01/19,11:41:18,26400,LUX     
5702,04/01/19,11:41:48,26400,LUX     
5703,04/01/19,11:42:18,26000,LUX     
5704,04/01/19,11:42:48,25800,LUX     
5705,04/01/19,11:43:18,25600,LUX     
5706,04/01/19,11:43:48,25500,LUX     
5707,04/01/19,11:44:18,25600,LUX     
5708,04/01/19,11:44:48,25900,LUX     
5709,04/01/19,11:45:18,25700,LUX     
5710,04/01/19,11:45:48,25500,LUX     
5711,04/01/19,11:46:18,25300,LUX     
5712,04/01/19,11:46:48,25300,LUX     
5713,04/01/19,11:47:18,25300,LUX     
5714,04/01/19,11:47:48,25500,LUX     
5715,04/01/19,11:48:18,25700,LUX     
5716,04/01/19,11:48:48,25900,LUX     
5717,04/01/19,11:49:18,26100,LUX     
5718,04/01/19,11:49:48,25700,LUX     
5719,04/01/19,11:50:18,25700,LUX     
5720,04/01/19,11:50:48,25600,LUX     
5721,04/01/19,11:51:18,25700,LUX     
5722,04/01/19,11:51:48,25700,LUX     
5723,04/01/19,11:52:18,25700,LUX     
5724,04/01/19,11:52:48,25800,LUX     
5725,04/01/19,11:53:18,25800,LUX     
5726,04/01/19,11:53:48,25500,LUX     
5727,04/01/19,11:54:18,25300,LUX     
5728,04/01/19,11:54:48,24900,LUX     
5729,04/01/19,11:55:18,24700,LUX     
5730,04/01/19,11:55:48,24700,LUX     
5731,04/01/19,11:56:18,24500,LUX     
5732,04/01/19,11:56:48,24600,LUX     
5733,04/01/19,11:57:18,24700,LUX     
5734,04/01/19,11:57:48,25000,LUX     
5735,04/01/19,11:58:18,25000,LUX     
5736,04/01/19,11:58:48,25000,LUX     
5737,04/01/19,11:59:18,23600,LUX     
5738,04/01/19,11:59:48,20300,LUX     
5739,04/01/19,12:00:18,16150,LUX     
5740,04/01/19,12:00:48,12450,LUX     
5741,04/01/19,12:01:18,9190,LUX     
5742,04/01/19,12:01:48,7340,LUX     
5743,04/01/19,12:02:18,6850,LUX     
5744,04/01/19,12:02:48,6790,LUX     
5745,04/01/19,12:03:18,6730,LUX     
5746,04/01/19,12:03:48,6720,LUX     
5747,04/01/19,12:04:18,6730,LUX     
5748,04/01/19,12:04:48,6690,LUX     
5749,04/01/19,12:05:18,6680,LUX     
5750,04/01/19,12:05:48,6670,LUX     
5751,04/01/19,12:06:18,6690,LUX     
5752,04/01/19,12:06:48,6720,LUX     
5753,04/01/19,12:07:18,6680,LUX     
5754,04/01/19,12:07:48,6680,LUX     
5755,04/01/19,12:08:18,6650,LUX     
5756,04/01/19,12:08:48,6610,LUX     
5757,04/01/19,12:09:18,6600,LUX     
5758,04/01/19,12:09:48,6600,LUX     
5759,04/01/19,12:10:18,6610,LUX     
5760,04/01/19,12:10:48,6630,LUX     
5761,04/01/19,12:11:18,6600,LUX     