day,hour,minute,altitude,clr_idx,Globalstrahlung,Baro,Lufttemperatur,Luftfeuchte,Windgeschwindigkeit,directions,time,Fd,Diffuse_Strahlung,Direkt_Strahlung
51,8,10,5.47,0.53,62.0,100820.0,271.65,96.2,0.5,11,2019-02-20 08:10:00,0.88,54.77,75.84
51,8,15,6.19,0.49,66.1,100820.0,271.75,96.2,0.4,11,2019-02-20 08:15:00,0.9,59.59,60.37
51,8,20,6.92,0.46,69.9,100840.0,271.95,96.6,0.5,11,2019-02-20 08:20:00,0.92,64.51,44.72
51,8,25,7.64,0.49,83.4,100840.0,272.15,96.6,0.2,11,2019-02-20 08:25:00,0.9,75.19,61.72
51,8,30,8.35,0.49,92.2,100840.0,272.25,96.8,0.2,11,2019-02-20 08:30:00,0.9,82.73,65.2
51,8,35,9.06,0.46,93.9,100840.0,272.45,96.8,0.5,11,2019-02-20 08:35:00,0.92,86.69,45.77
51,8,40,9.76,0.44,97.8,100850.0,272.65,97.1,0.6,11,2019-02-20 08:40:00,0.94,91.81,35.35
51,8,45,10.46,0.43,103.6,100850.0,272.75,97.2,0.2,11,2019-02-20 08:45:00,0.94,97.65,32.76
51,8,50,11.15,0.43,109.8,100850.0,272.95,97.0,0.2,11,2019-02-20 08:50:00,0.94,103.76,31.25
51,8,55,11.83,0.4,109.8,100860.0,273.05,96.9,0.4,11,2019-02-20 08:55:00,0.96,105.16,22.65
51,9,0,12.51,0.39,111.2,100870.0,273.25,97.4,0.2,11,2019-02-20 09:00:00,0.97,107.72,16.04
51,9,5,13.18,0.38,114.3,100870.0,273.45,97.4,0.2,11,2019-02-20 09:05:00,0.97,110.79,15.41
51,9,10,13.84,0.35,111.5,100870.0,273.55,97.2,0.3,11,2019-02-20 09:10:00,0.97,108.2,13.8
51,9,15,14.49,0.33,110.1,100860.0,273.65,97.1,0.1,11,2019-02-20 09:15:00,0.97,106.89,12.82
51,9,20,15.13,0.36,125.2,100860.0,273.75,97.1,0.3,11,2019-02-20 09:20:00,0.97,121.32,14.87
51,9,25,15.77,0.62,225.6,100870.0,274.15,98.4,0.4,7,2019-02-20 09:25:00,0.57,128.5,357.28
51,9,30,16.39,0.59,223.1,100900.0,274.55,98.2,0.8,7,2019-02-20 09:30:00,0.67,150.59,256.99
51,9,35,17.0,0.3,117.5,100900.0,274.65,96.0,0.6,14,2019-02-20 09:35:00,0.97,113.83,12.54
51,9,40,17.61,0.42,170.8,100910.0,274.75,95.6,0.8,7,2019-02-20 09:40:00,0.94,161.06,32.2
51,9,45,18.2,0.67,284.5,100910.0,274.75,95.0,0.7,7,2019-02-20 09:45:00,0.47,134.42,480.52
51,9,50,18.78,0.68,294.5,100900.0,275.45,97.1,0.2,7,2019-02-20 09:50:00,0.48,141.29,475.9
51,9,55,19.35,0.68,304.5,100910.0,276.25,95.3,0.2,7,2019-02-20 09:55:00,0.49,148.74,470.1
51,10,0,19.91,0.7,323.5,100900.0,276.35,90.4,0.4,7,2019-02-20 10:00:00,0.45,146.22,520.59
51,10,5,20.46,0.7,333.5,100900.0,277.05,86.1,0.5,7,2019-02-20 10:05:00,0.46,151.87,519.6
51,10,10,20.99,0.71,343.5,100910.0,277.65,78.6,0.6,5,2019-02-20 10:10:00,0.46,157.42,519.48
51,10,15,21.51,0.71,354.0,100910.0,277.95,73.5,0.5,6,2019-02-20 10:15:00,0.46,162.87,521.27
51,10,20,22.02,0.7,356.0,100910.0,278.15,70.3,0.5,3,2019-02-20 10:20:00,0.5,178.46,473.53
51,10,25,22.52,0.68,352.0,100900.0,278.65,66.3,0.7,4,2019-02-20 10:25:00,0.57,200.43,395.74
51,10,30,23.0,0.68,361.5,100900.0,279.05,63.6,0.6,5,2019-02-20 10:30:00,0.57,206.71,396.15
51,10,35,23.47,0.68,367.0,100910.0,279.35,61.9,0.6,6,2019-02-20 10:35:00,0.59,216.26,378.48
51,10,40,23.92,0.69,383.0,100910.0,279.55,60.7,0.5,4,2019-02-20 10:40:00,0.56,214.92,414.55
51,10,45,24.36,0.71,399.5,100910.0,280.15,58.5,0.6,5,2019-02-20 10:45:00,0.52,208.17,463.87
51,10,50,24.78,0.71,408.5,100920.0,280.15,58.1,0.6,15,2019-02-20 10:50:00,0.51,206.83,481.15
51,10,55,25.19,0.71,409.5,100920.0,280.15,59.1,0.6,3,2019-02-20 10:55:00,0.55,224.3,435.13
51,11,0,25.58,0.69,406.0,100920.0,280.05,59.4,0.4,0,2019-02-20 11:00:00,0.6,242.94,377.65
51,11,5,25.96,0.67,403.0,100920.0,280.15,59.2,0.4,4,2019-02-20 11:05:00,0.65,262.47,321.04
51,11,10,26.31,0.69,420.5,100920.0,280.35,59.9,0.5,3,2019-02-20 11:10:00,0.6,254.25,375.09
51,11,15,26.66,0.71,434.0,100920.0,280.55,58.1,0.8,4,2019-02-20 11:15:00,0.57,247.59,415.45
51,11,20,26.98,0.67,412.5,100930.0,280.95,57.4,0.6,4,2019-02-20 11:20:00,0.68,281.7,288.31
51,11,25,27.29,0.65,404.5,100930.0,281.35,57.5,0.4,0,2019-02-20 11:25:00,0.71,288.47,253.07
51,11,30,27.58,0.7,443.5,100930.0,281.95,55.3,0.4,6,2019-02-20 11:30:00,0.61,270.22,374.27
51,11,35,27.85,0.72,460.5,100920.0,282.65,51.4,0.6,5,2019-02-20 11:35:00,0.57,260.78,427.52
51,11,40,28.11,0.67,431.5,100920.0,283.15,49.3,0.7,6,2019-02-20 11:40:00,0.7,300.04,279.01
51,11,45,28.34,0.63,412.0,100920.0,283.35,47.8,0.5,14,2019-02-20 11:45:00,0.72,295.01,246.45
51,11,50,28.56,0.63,412.5,100920.0,283.75,47.2,0.6,6,2019-02-20 11:50:00,0.76,313.37,207.35
51,11,55,28.76,0.6,395.5,100910.0,283.85,46.1,0.9,7,2019-02-20 11:55:00,0.79,313.86,169.67
51,12,0,28.94,0.62,408.5,100900.0,283.95,45.8,0.8,4,2019-02-20 12:00:00,0.77,314.32,194.62
51,12,5,29.1,0.7,465.5,100900.0,283.95,45.5,0.8,14,2019-02-20 12:05:00,0.6,278.65,384.2
51,12,10,29.24,0.74,496.0,100900.0,284.45,43.1,0.8,1,2019-02-20 12:10:00,0.54,265.42,472.05
51,12,15,29.36,0.72,482.0,100900.0,284.45,44.4,0.8,7,2019-02-20 12:15:00,0.59,285.14,401.51
51,12,20,29.46,0.64,429.0,100880.0,283.95,44.5,1.3,7,2019-02-20 12:20:00,0.74,319.15,223.36
51,12,25,29.55,0.65,436.0,100880.0,284.25,43.2,0.9,6,2019-02-20 12:25:00,0.74,320.83,233.52
51,12,30,29.61,0.72,488.5,100880.0,284.65,42.5,0.8,3,2019-02-20 12:30:00,0.59,288.33,405.13
51,12,35,29.65,0.77,524.5,100870.0,285.05,39.2,0.6,7,2019-02-20 12:35:00,0.49,254.42,545.94
51,12,40,29.67,0.8,542.0,100870.0,285.15,35.9,1.1,14,2019-02-20 12:40:00,0.45,243.64,602.74
51,12,45,29.67,0.76,512.5,100860.0,284.85,37.6,1.3,14,2019-02-20 12:45:00,0.5,256.56,517.04
51,12,50,29.66,0.77,521.5,100860.0,285.15,36.2,0.7,6,2019-02-20 12:50:00,0.49,256.24,536.03
51,12,55,29.62,0.72,487.0,100860.0,285.35,31.9,1.0,2,2019-02-20 12:55:00,0.6,289.94,398.7
51,13,0,29.56,0.77,519.0,100870.0,285.55,32.4,1.0,14,2019-02-20 13:00:00,0.48,249.12,547.05
51,13,5,29.48,0.84,569.0,100860.0,285.25,32.3,1.8,13,2019-02-20 13:05:00,0.39,224.13,700.78
51,13,10,29.38,0.79,530.0,100860.0,285.25,32.2,1.5,8,2019-02-20 13:10:00,0.47,248.03,574.75
51,13,15,29.27,0.8,535.0,100850.0,285.75,32.1,0.7,6,2019-02-20 13:15:00,0.45,243.0,597.22
51,13,20,29.13,0.79,528.0,100850.0,285.55,31.0,1.5,12,2019-02-20 13:20:00,0.46,242.55,586.4
51,13,25,28.97,0.78,517.0,100850.0,285.25,32.0,1.4,11,2019-02-20 13:25:00,0.47,243.6,564.46
51,13,30,28.8,0.77,511.0,100850.0,285.25,32.1,1.1,15,2019-02-20 13:30:00,0.47,240.02,562.48
51,13,35,28.6,0.8,521.5,100850.0,285.55,31.3,1.2,8,2019-02-20 13:35:00,0.45,235.83,596.78
51,13,40,28.39,0.75,490.5,100840.0,284.95,33.5,2.6,12,2019-02-20 13:40:00,0.51,250.64,504.47
51,13,45,28.16,0.77,499.5,100840.0,284.85,34.4,1.8,14,2019-02-20 13:45:00,0.47,237.12,555.96
51,13,50,27.91,0.59,380.0,100850.0,284.75,35.1,1.9,11,2019-02-20 13:50:00,0.76,290.39,191.43
51,13,55,27.64,0.63,398.5,100840.0,284.35,36.2,2.6,11,2019-02-20 13:55:00,0.72,288.46,237.19
51,14,0,27.35,0.8,504.5,100840.0,284.85,35.0,1.8,12,2019-02-20 14:00:00,0.43,218.66,622.16
51,14,5,27.05,0.82,507.0,100840.0,285.55,34.6,0.6,11,2019-02-20 14:05:00,0.38,190.25,696.5
51,14,10,26.72,0.85,520.0,100840.0,286.25,33.0,0.8,7,2019-02-20 14:10:00,0.3,153.87,814.29
51,14,15,26.38,0.86,525.0,100840.0,285.65,34.0,1.6,11,2019-02-20 14:15:00,0.29,149.99,844.0
51,14,20,26.03,0.64,386.5,100820.0,285.85,33.1,1.0,14,2019-02-20 14:20:00,0.67,259.67,289.02
51,14,25,25.66,0.76,447.5,100820.0,285.75,34.1,1.8,13,2019-02-20 14:25:00,0.48,213.26,540.93
51,14,30,25.27,0.72,422.0,100820.0,285.55,34.6,1.6,13,2019-02-20 14:30:00,0.52,217.88,478.15
51,14,35,24.86,0.51,295.0,100820.0,285.15,35.6,2.3,7,2019-02-20 14:35:00,0.85,250.82,105.09
51,14,40,24.44,0.76,428.5,100820.0,284.95,35.7,2.1,15,2019-02-20 14:40:00,0.47,203.17,544.63
51,14,45,24.01,0.6,332.5,100810.0,284.95,36.2,1.5,13,2019-02-20 14:45:00,0.73,244.28,216.82
51,14,50,23.56,0.67,366.5,100820.0,285.05,36.2,1.2,6,2019-02-20 14:50:00,0.61,224.13,356.18
51,14,55,23.09,0.62,331.0,100820.0,285.25,35.8,0.8,15,2019-02-20 14:55:00,0.7,230.98,255.03
51,15,0,22.62,0.43,227.2,100820.0,284.95,33.4,1.4,12,2019-02-20 15:00:00,0.89,202.36,64.57
51,15,5,22.12,0.38,193.4,100820.0,284.75,36.2,1.1,13,2019-02-20 15:05:00,0.91,175.11,48.56
51,15,10,21.62,0.42,210.3,100820.0,284.75,35.1,1.1,13,2019-02-20 15:10:00,0.9,188.9,58.08
51,15,15,21.1,0.45,221.4,100820.0,284.75,36.2,1.3,15,2019-02-20 15:15:00,0.88,195.67,71.47
51,15,20,20.57,0.49,234.6,100820.0,284.45,37.7,1.6,15,2019-02-20 15:20:00,0.85,199.5,99.89
51,15,25,20.02,0.44,204.9,100820.0,284.35,37.3,1.7,9,2019-02-20 15:25:00,0.9,184.41,59.86
51,15,30,19.47,0.45,203.3,100810.0,284.35,37.1,1.7,15,2019-02-20 15:30:00,0.89,181.33,65.92
51,15,35,18.9,0.5,218.1,100820.0,284.65,37.5,0.9,13,2019-02-20 15:35:00,0.87,190.03,86.66
51,15,40,18.32,0.35,148.8,100820.0,284.35,39.3,1.5,14,2019-02-20 15:40:00,0.92,137.03,37.46
51,15,45,17.73,0.37,154.4,100820.0,284.35,39.8,1.1,15,2019-02-20 15:45:00,0.92,142.31,39.69
51,15,50,17.13,0.45,180.2,100820.0,284.45,39.7,0.8,15,2019-02-20 15:50:00,0.9,162.99,58.42
51,15,55,16.52,0.67,257.0,100820.0,284.65,38.1,1.0,13,2019-02-20 15:55:00,0.54,138.57,416.51
51,16,0,15.89,0.66,242.8,100820.0,285.05,37.8,0.8,11,2019-02-20 16:00:00,0.52,126.71,423.99
51,16,5,15.26,0.65,231.3,100820.0,285.25,36.7,0.8,14,2019-02-20 16:05:00,0.55,127.5,394.37
51,16,10,14.62,0.46,157.2,100820.0,284.75,37.6,2.2,8,2019-02-20 16:10:00,0.91,142.69,57.5
51,16,15,13.97,0.35,112.8,100820.0,284.25,39.3,2.4,12,2019-02-20 16:15:00,0.95,107.24,23.04
51,16,20,13.32,0.39,120.5,100820.0,284.15,40.5,1.4,8,2019-02-20 16:20:00,0.95,114.72,25.08
51,16,25,12.65,0.54,159.0,100820.0,284.05,41.0,1.7,11,2019-02-20 16:25:00,0.86,136.14,104.39
51,16,30,11.98,0.48,131.8,100810.0,284.15,41.0,0.9,11,2019-02-20 16:30:00,0.94,124.41,35.63
51,16,35,11.29,0.41,106.6,100810.0,284.05,41.9,1.1,15,2019-02-20 16:35:00,0.97,103.03,18.24
51,16,40,10.61,0.48,116.3,100820.0,284.05,41.5,1.0,8,2019-02-20 16:40:00,0.95,110.86,29.55
51,16,45,9.91,0.53,120.8,100840.0,284.05,41.9,1.3,13,2019-02-20 16:45:00,0.92,111.02,56.84
51,16,50,9.21,0.6,126.2,100840.0,284.05,42.0,1.2,11,2019-02-20 16:50:00,0.87,109.62,103.57
51,16,55,8.5,0.66,126.9,100840.0,284.15,41.3,1.1,13,2019-02-20 16:55:00,0.78,98.57,191.66
51,17,0,7.79,0.68,118.3,100850.0,284.25,41.0,0.5,12,2019-02-20 17:00:00,0.66,78.09,296.68
51,17,5,7.07,0.64,100.9,100840.0,284.05,41.7,1.4,12,2019-02-20 17:05:00,0.84,84.97,129.41
51,17,10,6.35,0.55,77.2,100840.0,283.95,42.4,1.6,11,2019-02-20 17:10:00,0.94,72.88,39.03
51,17,15,5.62,0.49,60.1,100850.0,283.85,42.7,1.9,8,2019-02-20 17:15:00,0.96,57.97,21.8
52,8,5,5.03,0.22,23.6,101230.0,274.15,97.3,0.1,11,2019-02-21 08:05:00,0.97,22.89,8.06
52,8,10,5.76,0.27,33.0,101230.0,274.25,97.0,0.2,11,2019-02-21 08:10:00,0.97,32.02,9.75
52,8,15,6.49,0.28,39.1,101220.0,274.25,96.7,0.1,11,2019-02-21 08:15:00,0.97,37.95,10.16
52,8,20,7.21,0.29,45.8,101230.0,274.35,96.8,0.4,5,2019-02-21 08:20:00,0.97,44.45,10.75
52,8,25,7.94,0.29,51.0,101240.0,274.45,96.7,0.2,4,2019-02-21 08:25:00,0.97,49.48,11.0
52,8,30,8.65,0.26,50.9,101240.0,274.55,96.8,0.2,4,2019-02-21 08:30:00,0.97,49.38,10.13
52,8,35,9.36,0.26,54.1,101250.0,274.65,96.7,0.4,4,2019-02-21 08:35:00,0.97,52.46,10.09
52,8,40,10.07,0.25,58.1,101250.0,274.65,96.4,0.4,4,2019-02-21 08:40:00,0.97,56.28,10.43
52,8,45,10.77,0.27,66.1,101250.0,274.75,96.6,0.2,4,2019-02-21 08:45:00,0.97,63.92,11.68
52,8,50,11.46,0.24,62.5,101260.0,274.95,96.4,0.0,4,2019-02-21 08:50:00,0.97,60.34,10.85
52,8,55,12.15,0.26,72.6,101260.0,275.05,96.6,0.6,4,2019-02-21 08:55:00,0.96,69.85,13.07
52,9,0,12.82,0.25,74.9,101260.0,275.25,96.3,0.8,4,2019-02-21 09:00:00,0.97,72.6,10.35
52,9,5,13.49,0.27,84.6,101260.0,275.35,96.0,0.6,4,2019-02-21 09:05:00,0.97,81.85,11.79
52,9,10,14.15,0.3,96.7,101250.0,275.45,95.9,0.1,4,2019-02-21 09:10:00,0.97,93.34,13.74
52,9,15,14.81,0.34,116.8,101260.0,275.75,95.8,0.1,4,2019-02-21 09:15:00,0.96,111.99,18.8
52,9,20,15.45,0.34,122.7,101260.0,275.95,95.6,0.5,6,2019-02-21 09:20:00,0.95,116.74,22.37
52,9,25,16.09,0.36,134.3,101280.0,276.05,94.9,0.3,6,2019-02-21 09:25:00,0.94,126.86,26.83
52,9,30,16.71,0.43,165.6,101280.0,276.25,94.6,0.4,6,2019-02-21 09:30:00,0.92,152.82,44.43
52,9,35,17.33,0.5,199.9,101280.0,276.55,94.1,0.7,6,2019-02-21 09:35:00,0.88,176.45,78.73
52,9,40,17.93,0.46,191.1,101280.0,276.95,93.4,0.7,6,2019-02-21 09:40:00,0.9,172.87,59.23
52,9,45,18.53,0.4,172.6,101280.0,277.25,92.2,0.3,6,2019-02-21 09:45:00,0.92,158.57,44.14
52,9,50,19.11,0.34,152.4,101280.0,277.55,89.6,0.0,6,2019-02-21 09:50:00,0.93,141.19,34.25
52,9,55,19.68,0.31,139.4,101280.0,277.65,86.7,0.4,6,2019-02-21 09:55:00,0.92,128.9,31.18
52,10,0,20.24,0.34,161.1,101280.0,277.85,84.6,0.4,1,2019-02-21 10:00:00,0.94,151.18,28.67
52,10,5,20.79,0.36,174.8,101300.0,277.95,82.7,0.5,5,2019-02-21 10:05:00,0.92,161.33,37.96
52,10,10,21.33,0.3,148.4,101290.0,277.95,80.3,0.5,4,2019-02-21 10:10:00,0.93,137.81,29.11
52,10,15,21.85,0.29,146.1,101290.0,278.05,80.1,0.1,4,2019-02-21 10:15:00,0.93,135.8,27.67
52,10,20,22.36,0.28,142.3,101290.0,278.25,80.0,0.3,4,2019-02-21 10:20:00,0.93,131.68,27.91
52,10,25,22.86,0.21,110.4,101280.0,278.35,79.5,0.1,4,2019-02-21 10:25:00,0.93,102.43,20.5
52,10,30,23.34,0.22,116.8,101290.0,278.55,79.0,0.2,4,2019-02-21 10:30:00,0.92,107.92,22.41
52,10,35,23.81,0.31,170.5,101280.0,278.65,78.6,0.2,4,2019-02-21 10:35:00,0.92,156.11,35.64
52,10,40,24.26,0.55,305.5,101280.0,278.95,78.1,0.4,5,2019-02-21 10:40:00,0.85,259.6,111.71
52,10,45,24.7,0.77,439.0,101290.0,279.45,77.8,0.3,6,2019-02-21 10:45:00,0.29,125.59,750.02
52,10,50,25.13,0.67,386.5,101290.0,279.95,73.5,0.5,6,2019-02-21 10:50:00,0.62,238.78,347.85
52,10,55,25.54,0.44,261.5,101290.0,280.15,71.0,0.5,14,2019-02-21 10:55:00,0.89,231.76,68.98
52,11,0,25.93,0.26,157.8,101290.0,280.35,70.2,0.1,1,2019-02-21 11:00:00,0.92,144.49,30.43
52,11,5,26.31,0.18,110.6,101290.0,280.25,69.5,0.3,1,2019-02-21 11:05:00,0.92,101.42,20.72
52,11,10,26.67,0.17,106.5,101300.0,280.05,70.3,0.8,4,2019-02-21 11:10:00,0.91,97.32,20.46
52,11,15,27.01,0.2,121.1,101290.0,280.05,70.9,0.4,4,2019-02-21 11:15:00,0.91,110.62,23.08
52,11,20,27.34,0.24,148.4,101290.0,280.15,71.1,0.7,4,2019-02-21 11:20:00,0.91,135.14,28.86
52,11,25,27.65,0.26,166.3,101290.0,280.35,70.8,0.5,4,2019-02-21 11:25:00,0.91,151.22,32.5
52,11,30,27.94,0.3,193.3,101290.0,280.45,70.2,0.5,3,2019-02-21 11:30:00,0.91,175.43,38.13
52,11,35,28.21,0.35,225.5,101290.0,280.75,69.3,0.4,3,2019-02-21 11:35:00,0.9,203.87,45.77
52,11,40,28.47,0.45,292.0,101290.0,281.05,67.5,0.5,6,2019-02-21 11:40:00,0.89,259.87,67.4
52,11,45,28.7,0.54,356.0,101290.0,281.35,67.2,0.5,6,2019-02-21 11:45:00,0.85,301.08,114.36
52,11,50,28.92,0.64,426.5,101280.0,281.95,64.5,0.5,6,2019-02-21 11:50:00,0.71,304.81,251.63
52,11,55,29.12,0.68,449.5,101260.0,282.75,61.3,0.4,8,2019-02-21 11:55:00,0.64,289.47,328.85
52,12,0,29.3,0.54,364.0,101260.0,283.35,57.6,0.5,1,2019-02-21 12:00:00,0.83,303.83,122.96
52,12,5,29.46,0.46,311.0,101250.0,283.65,55.8,0.5,4,2019-02-21 12:05:00,0.88,274.44,74.33
52,12,10,29.6,0.34,226.5,101240.0,283.35,56.2,0.5,4,2019-02-21 12:10:00,0.9,204.1,45.34
52,12,15,29.72,0.29,200.1,101240.0,283.45,57.5,0.4,4,2019-02-21 12:15:00,0.9,180.8,38.93
52,12,20,29.83,0.44,298.5,101240.0,283.75,56.6,0.4,5,2019-02-21 12:20:00,0.89,264.99,67.36
52,12,25,29.91,0.48,330.0,101240.0,284.15,54.9,0.7,3,2019-02-21 12:25:00,0.88,289.03,82.16
52,12,30,29.97,0.37,256.0,101230.0,284.25,54.3,0.4,9,2019-02-21 12:30:00,0.9,229.3,53.44
52,12,35,30.01,0.46,314.0,101240.0,284.35,54.1,0.7,7,2019-02-21 12:35:00,0.88,277.01,73.96
52,12,40,30.03,0.59,401.5,101230.0,284.75,52.6,0.5,15,2019-02-21 12:40:00,0.75,302.9,197.02
52,12,45,30.03,0.6,411.0,101230.0,285.05,52.5,0.5,7,2019-02-21 12:45:00,0.78,320.83,180.17
52,12,50,30.02,0.53,363.0,101240.0,285.35,51.2,0.4,1,2019-02-21 12:50:00,0.85,308.3,109.33
52,12,55,29.98,0.68,468.5,101230.0,285.85,48.9,0.6,15,2019-02-21 12:55:00,0.59,275.16,386.91
52,13,0,29.92,0.73,496.5,101230.0,286.05,48.8,0.7,11,2019-02-21 13:00:00,0.52,258.35,477.46
52,13,5,29.84,0.7,474.5,101230.0,286.65,46.2,0.7,7,2019-02-21 13:05:00,0.6,284.08,382.69
52,13,10,29.74,0.53,362.0,101220.0,287.05,43.6,0.8,14,2019-02-21 13:10:00,0.8,291.17,142.79
52,13,15,29.62,0.81,549.5,101220.0,286.95,43.7,1.0,13,2019-02-21 13:15:00,0.38,210.5,685.89
52,13,20,29.48,0.8,538.0,101200.0,287.45,42.4,1.2,7,2019-02-21 13:20:00,0.42,225.05,635.93
52,13,25,29.33,0.41,278.0,101190.0,287.25,42.0,1.4,15,2019-02-21 13:25:00,0.88,245.73,65.88
52,13,30,29.15,0.33,219.6,101190.0,286.85,44.0,1.2,11,2019-02-21 13:30:00,0.9,197.39,45.6
52,13,35,28.95,0.39,261.0,101190.0,286.55,45.3,1.4,14,2019-02-21 13:35:00,0.89,232.54,58.79
52,13,40,28.74,0.33,215.6,101190.0,286.35,46.0,1.8,13,2019-02-21 13:40:00,0.9,193.9,45.13
52,13,45,28.5,0.31,204.3,101190.0,286.15,46.5,1.4,14,2019-02-21 13:45:00,0.9,183.92,42.71
52,13,50,28.25,0.38,247.9,101190.0,285.95,46.9,1.6,14,2019-02-21 13:50:00,0.89,221.62,55.52
52,13,55,27.98,0.46,296.0,101180.0,286.05,46.7,1.3,14,2019-02-21 13:55:00,0.87,257.37,82.35
52,14,0,27.69,0.46,292.5,101170.0,286.15,46.5,1.0,11,2019-02-21 14:00:00,0.87,254.98,80.74
52,14,5,27.39,0.66,414.5,101180.0,286.35,45.9,1.4,13,2019-02-21 14:05:00,0.62,256.84,342.7
52,14,10,27.06,0.62,384.5,101150.0,286.45,45.8,1.5,12,2019-02-21 14:10:00,0.7,269.08,253.7
52,14,15,26.72,0.27,164.5,101150.0,286.35,45.9,1.4,15,2019-02-21 14:15:00,0.9,148.56,35.45
52,14,20,26.36,0.31,190.7,101150.0,286.05,47.0,1.4,12,2019-02-21 14:20:00,0.9,171.91,42.31
52,14,25,25.99,0.5,299.0,101150.0,286.15,47.4,1.1,7,2019-02-21 14:25:00,0.87,258.65,92.07
52,14,30,25.6,0.65,386.0,101140.0,286.45,45.6,1.0,13,2019-02-21 14:30:00,0.62,237.81,342.97
52,14,35,25.19,0.46,268.5,101150.0,286.65,45.6,0.9,14,2019-02-21 14:35:00,0.88,235.2,78.25
52,14,40,24.77,0.42,243.0,101140.0,286.65,45.3,1.3,11,2019-02-21 14:40:00,0.89,216.76,62.62
52,14,45,24.33,0.31,172.8,101150.0,286.45,46.0,1.0,15,2019-02-21 14:45:00,0.9,156.12,40.48
52,14,50,23.88,0.29,158.5,101170.0,286.35,46.5,1.3,6,2019-02-21 14:50:00,0.9,143.33,37.48
52,14,55,23.41,0.27,144.4,101150.0,286.25,46.8,1.3,11,2019-02-21 14:55:00,0.91,130.69,34.51
52,15,0,22.93,0.24,126.4,101150.0,286.15,47.0,1.6,10,2019-02-21 15:00:00,0.91,114.52,30.48
52,15,5,22.44,0.23,120.8,101170.0,286.05,46.7,1.2,15,2019-02-21 15:05:00,0.91,109.55,29.47
52,15,10,21.93,0.31,159.3,101180.0,286.05,47.9,1.2,12,2019-02-21 15:10:00,0.9,143.98,41.03
52,15,15,21.41,0.42,210.8,101190.0,286.25,46.3,0.8,15,2019-02-21 15:15:00,0.89,188.04,62.36
52,15,20,20.88,0.5,243.4,101180.0,286.45,46.1,1.0,13,2019-02-21 15:20:00,0.85,206.15,104.51
52,15,25,20.33,0.56,263.5,101190.0,286.65,45.3,1.3,14,2019-02-21 15:25:00,0.74,196.22,193.66
52,15,30,19.77,0.4,185.6,101180.0,286.55,44.7,1.7,7,2019-02-21 15:30:00,0.9,167.23,54.31
52,15,35,19.2,0.31,136.3,101180.0,286.45,45.4,1.2,14,2019-02-21 15:35:00,0.91,123.66,38.44
52,15,40,18.62,0.25,109.3,101180.0,286.35,45.6,1.3,8,2019-02-21 15:40:00,0.91,99.34,31.19
52,15,45,18.03,0.29,120.5,101170.0,286.35,46.2,0.9,9,2019-02-21 15:45:00,0.91,109.62,35.15
52,15,50,17.43,0.41,164.3,101170.0,286.25,46.1,1.3,15,2019-02-21 15:50:00,0.91,148.95,51.25
52,15,55,16.81,0.59,229.4,101150.0,286.55,45.3,0.8,13,2019-02-21 15:55:00,0.7,159.58,241.43
52,16,0,16.19,0.58,216.3,101150.0,286.65,44.5,1.4,11,2019-02-21 16:00:00,0.7,152.19,229.92
52,16,5,15.56,0.57,206.7,101150.0,286.75,44.7,1.1,13,2019-02-21 16:05:00,0.71,146.59,224.1
52,16,10,14.91,0.56,192.8,101180.0,286.55,44.5,2.1,15,2019-02-21 16:10:00,0.75,145.54,183.69
52,16,15,14.26,0.52,172.8,101180.0,286.55,44.2,1.7,15,2019-02-21 16:15:00,0.83,144.28,115.8
52,16,20,13.6,0.47,146.6,101180.0,286.55,44.2,1.3,12,2019-02-21 16:20:00,0.91,132.87,58.38
52,16,25,12.93,0.48,142.4,101180.0,286.65,42.9,1.3,15,2019-02-21 16:25:00,0.9,128.77,60.89
52,16,30,12.26,0.48,136.3,101180.0,286.55,42.4,1.5,15,2019-02-21 16:30:00,0.91,123.68,59.43
52,16,35,11.57,0.45,119.6,101170.0,286.45,42.9,1.4,8,2019-02-21 16:35:00,0.92,109.79,48.9
52,16,40,10.88,0.47,118.1,101170.0,286.45,42.9,1.5,12,2019-02-21 16:40:00,0.93,109.5,45.57
52,16,45,10.19,0.48,110.9,101170.0,286.25,43.6,1.9,15,2019-02-21 16:45:00,0.93,103.44,42.17
52,16,50,9.48,0.47,101.8,101180.0,286.25,42.9,1.9,8,2019-02-21 16:50:00,0.93,94.39,44.96
52,16,55,8.77,0.46,91.9,101190.0,286.15,43.0,1.5,15,2019-02-21 16:55:00,0.95,87.54,28.57
52,17,0,8.06,0.44,80.5,101190.0,286.05,43.4,1.3,15,2019-02-21 17:00:00,0.95,76.53,28.34
52,17,5,7.34,0.37,60.8,101190.0,286.05,43.5,1.0,15,2019-02-21 17:05:00,0.96,58.63,16.97
52,17,10,6.61,0.4,57.8,101200.0,286.05,44.2,0.9,7,2019-02-21 17:10:00,0.94,54.51,28.59
52,17,15,5.88,0.43,55.4,101200.0,285.95,44.1,1.0,15,2019-02-21 17:15:00,0.96,53.44,19.15
52,17,20,5.15,0.54,58.9,101200.0,285.95,44.1,1.1,8,2019-02-21 17:20:00,0.94,55.2,41.25
53,8,5,5.32,0.09,10.4,101740.0,281.55,80.6,0.3,13,2019-02-22 08:05:00,0.97,10.07,3.58
53,8,10,6.06,0.12,15.5,101740.0,281.55,80.7,0.2,13,2019-02-22 08:10:00,0.97,15.01,4.6
53,8,15,6.79,0.14,20.4,101760.0,281.55,80.6,0.4,13,2019-02-22 08:15:00,0.97,19.75,5.47
53,8,20,7.52,0.14,22.7,101760.0,281.55,80.6,0.3,13,2019-02-22 08:20:00,0.97,21.96,5.63
53,8,25,8.24,0.13,24.1,101770.0,281.65,80.2,0.6,13,2019-02-22 08:25:00,0.96,23.24,5.98
53,8,30,8.96,0.12,25.0,101780.0,281.65,80.4,0.4,13,2019-02-22 08:30:00,0.96,24.06,6.02
53,8,35,9.67,0.12,25.9,101790.0,281.65,80.2,0.4,5,2019-02-22 08:35:00,0.95,24.66,7.37
53,8,40,10.38,0.09,22.1,101800.0,281.65,80.2,1.1,4,2019-02-22 08:40:00,0.95,21.07,5.74
53,8,45,11.08,0.09,23.3,101800.0,281.55,80.3,0.7,4,2019-02-22 08:45:00,0.94,21.97,6.9
53,8,50,11.77,0.13,35.6,101800.0,281.55,80.6,0.6,4,2019-02-22 08:50:00,0.94,33.41,10.73
53,8,55,12.46,0.12,34.4,101790.0,281.55,81.0,0.3,4,2019-02-22 08:55:00,0.93,32.13,10.54
53,9,0,13.14,0.1,29.2,101820.0,281.55,81.0,0.5,4,2019-02-22 09:00:00,0.94,27.53,7.35
53,9,5,13.81,0.07,21.4,101820.0,281.55,81.7,0.6,4,2019-02-22 09:05:00,0.94,20.09,5.5
53,9,10,14.47,0.06,20.1,101830.0,281.55,82.7,0.4,6,2019-02-22 09:10:00,0.93,18.78,5.29
53,9,15,15.13,0.05,17.6,101820.0,281.55,84.1,0.6,7,2019-02-22 09:15:00,0.93,16.39,4.63
53,9,20,15.77,0.08,30.2,101840.0,281.55,85.2,0.4,7,2019-02-22 09:20:00,0.93,28.05,7.92
53,9,25,16.41,0.16,59.6,101840.0,281.55,86.5,0.5,7,2019-02-22 09:25:00,0.92,55.13,15.83
53,9,30,17.04,0.33,131.3,101840.0,281.55,88.5,0.5,6,2019-02-22 09:30:00,0.91,119.92,38.84
53,9,35,17.65,0.22,90.6,101840.0,281.65,89.2,0.6,11,2019-02-22 09:35:00,0.92,83.13,24.65
53,9,40,18.26,0.21,87.8,101850.0,281.65,89.5,0.6,12,2019-02-22 09:40:00,0.92,80.49,23.34
53,9,45,18.86,0.25,107.4,101840.0,281.75,90.1,0.7,15,2019-02-22 09:45:00,0.91,97.95,29.23
53,9,50,19.44,0.31,137.4,101850.0,281.85,90.8,0.4,15,2019-02-22 09:50:00,0.91,124.78,37.91
53,9,55,20.02,0.31,142.9,101850.0,281.95,90.8,0.4,14,2019-02-22 09:55:00,0.91,129.58,38.9
53,10,0,20.58,0.34,159.6,101840.0,282.15,91.1,0.4,14,2019-02-22 10:00:00,0.91,144.71,42.36
53,10,5,21.13,0.3,147.1,101850.0,282.35,90.9,0.3,14,2019-02-22 10:05:00,0.91,133.58,37.52
53,10,10,21.67,0.28,138.9,101850.0,282.55,90.4,0.2,14,2019-02-22 10:10:00,0.91,126.18,34.45
53,10,15,22.19,0.29,149.4,101870.0,282.65,89.7,0.5,14,2019-02-22 10:15:00,0.91,135.32,37.28
53,10,20,22.7,0.3,158.9,101870.0,282.75,88.0,0.5,4,2019-02-22 10:20:00,0.91,144.26,37.93
53,10,25,23.2,0.26,138.4,101870.0,282.85,86.5,0.7,5,2019-02-22 10:25:00,0.91,125.76,32.09
53,10,30,23.69,0.24,133.6,101870.0,282.95,85.3,0.6,7,2019-02-22 10:30:00,0.91,121.26,30.71
53,10,35,24.16,0.26,146.3,101870.0,283.05,83.9,0.5,3,2019-02-22 10:35:00,0.91,132.85,32.86
53,10,40,24.61,0.25,139.0,101880.0,283.25,82.7,0.2,7,2019-02-22 10:40:00,0.91,126.08,31.02
53,10,45,25.05,0.23,131.3,101880.0,283.35,81.5,0.6,6,2019-02-22 10:45:00,0.91,119.13,28.75
53,10,50,25.48,0.53,310.5,101880.0,283.65,80.5,0.4,8,2019-02-22 10:50:00,0.85,262.68,111.16
53,10,55,25.89,0.56,335.5,101890.0,284.05,78.5,0.6,6,2019-02-22 10:55:00,0.81,271.9,145.65
53,11,0,26.28,0.35,210.9,101890.0,284.15,74.8,0.9,6,2019-02-22 11:00:00,0.9,189.68,47.92
53,11,5,26.66,0.23,142.3,101880.0,284.15,74.6,0.8,7,2019-02-22 11:05:00,0.9,128.77,30.15
53,11,10,27.02,0.28,174.2,101890.0,284.15,74.6,0.8,6,2019-02-22 11:10:00,0.9,157.32,37.15
53,11,15,27.37,0.29,179.1,101880.0,284.15,72.9,0.9,11,2019-02-22 11:15:00,0.9,161.37,38.57
53,11,20,27.7,0.2,129.3,101880.0,284.15,73.0,0.6,4,2019-02-22 11:20:00,0.91,117.19,26.05
53,11,25,28.01,0.12,78.6,101880.0,284.15,72.4,0.7,7,2019-02-22 11:25:00,0.91,71.35,15.44
53,11,30,28.3,0.11,73.1,101900.0,284.05,72.8,0.5,6,2019-02-22 11:30:00,0.91,66.4,14.13
53,11,35,28.57,0.16,104.0,101890.0,284.05,73.2,0.6,7,2019-02-22 11:35:00,0.91,94.3,20.28
53,11,40,28.83,0.21,138.6,101900.0,284.05,72.9,0.7,6,2019-02-22 11:40:00,0.91,125.48,27.22
53,11,45,29.07,0.26,172.8,101900.0,284.15,73.1,0.4,1,2019-02-22 11:45:00,0.9,156.38,33.8
53,11,50,29.28,0.28,188.4,101900.0,284.15,67.2,1.5,4,2019-02-22 11:50:00,0.9,170.16,37.3
53,11,55,29.48,0.36,239.9,101900.0,284.25,64.3,1.4,4,2019-02-22 11:55:00,0.9,215.4,49.78
53,12,0,29.66,0.4,272.5,101890.0,284.45,64.0,0.8,14,2019-02-22 12:00:00,0.88,240.56,64.54
53,12,5,29.82,0.39,267.5,101890.0,284.55,61.0,1.0,5,2019-02-22 12:05:00,0.89,238.27,58.79
53,12,10,29.97,0.34,229.8,101900.0,284.55,60.2,1.3,1,2019-02-22 12:10:00,0.9,206.7,46.24
53,12,15,30.09,0.2,135.7,101900.0,284.55,60.9,1.2,0,2019-02-22 12:15:00,0.91,123.05,25.23
53,12,20,30.19,0.15,106.0,101900.0,284.55,61.0,0.5,5,2019-02-22 12:20:00,0.91,96.04,19.8
53,12,25,30.27,0.15,102.1,101900.0,284.65,60.2,0.8,9,2019-02-22 12:25:00,0.91,92.41,19.22
53,12,30,30.33,0.19,133.3,101900.0,284.55,59.1,1.1,1,2019-02-22 12:30:00,0.91,120.79,24.77
53,12,35,30.37,0.3,205.7,101920.0,284.65,59.6,1.4,4,2019-02-22 12:35:00,0.9,185.29,40.37
53,12,40,30.4,0.35,245.4,101920.0,284.65,58.6,1.6,4,2019-02-22 12:40:00,0.9,220.05,50.09
53,12,45,30.4,0.44,307.0,101900.0,284.85,58.7,1.2,4,2019-02-22 12:45:00,0.88,270.64,71.85
53,12,50,30.38,0.57,396.5,101900.0,285.05,56.6,1.3,1,2019-02-22 12:50:00,0.78,307.37,176.24
53,12,55,30.34,0.65,452.5,101900.0,285.55,55.9,1.1,4,2019-02-22 12:55:00,0.63,286.64,328.35
53,13,0,30.28,0.93,642.0,101900.0,285.75,52.5,1.5,5,2019-02-22 13:00:00,0.24,154.38,967.07
53,13,5,30.2,0.41,283.0,101900.0,285.95,51.6,1.3,4,2019-02-22 13:05:00,0.89,250.73,64.16
53,13,10,30.1,0.43,295.5,101900.0,285.85,51.9,1.5,5,2019-02-22 13:10:00,0.88,260.66,69.46
53,13,15,29.98,0.34,229.7,101900.0,285.55,53.4,1.3,1,2019-02-22 13:15:00,0.9,206.37,46.69
53,13,20,29.84,0.28,188.7,101900.0,285.55,51.1,1.1,4,2019-02-22 13:20:00,0.9,170.01,37.57
53,13,25,29.68,0.69,469.5,101900.0,285.65,51.5,1.7,5,2019-02-22 13:25:00,0.54,252.81,437.63
53,13,30,29.5,0.57,386.5,101900.0,285.75,50.9,2.0,4,2019-02-22 13:30:00,0.79,304.02,167.49
53,13,35,29.31,0.53,355.0,101900.0,285.75,49.9,1.7,4,2019-02-22 13:35:00,0.83,293.72,125.18
53,13,40,29.09,0.52,343.5,101920.0,285.85,50.1,1.5,1,2019-02-22 13:40:00,0.84,287.57,115.03
53,13,45,28.85,0.28,182.3,101930.0,285.75,49.8,1.5,5,2019-02-22 13:45:00,0.9,164.38,37.13
53,13,50,28.6,0.28,180.9,101930.0,285.55,47.9,2.0,4,2019-02-22 13:50:00,0.9,163.28,36.81
53,13,55,28.33,0.32,210.5,101930.0,285.45,47.9,1.8,5,2019-02-22 13:55:00,0.9,189.38,44.5
53,14,0,28.04,0.89,573.0,101930.0,285.75,44.2,2.3,4,2019-02-22 14:00:00,0.21,119.24,965.28
53,14,5,27.73,0.56,355.5,101930.0,286.05,45.4,1.9,5,2019-02-22 14:05:00,0.79,282.23,157.46
53,14,10,27.4,0.38,241.9,101930.0,286.05,46.4,1.6,1,2019-02-22 14:10:00,0.89,216.26,55.72
53,14,15,27.06,0.19,119.6,101940.0,285.75,42.9,2.6,5,2019-02-22 14:15:00,0.91,108.28,24.87
53,14,20,26.7,0.22,132.4,101930.0,285.35,46.7,2.2,4,2019-02-22 14:20:00,0.91,119.88,27.87
53,14,25,26.33,0.26,160.5,101930.0,285.35,47.0,1.7,4,2019-02-22 14:25:00,0.9,144.97,35.02
53,14,30,25.93,0.28,166.3,101930.0,285.35,46.0,2.2,4,2019-02-22 14:30:00,0.9,150.24,36.72
53,14,35,25.52,0.32,187.5,101930.0,285.25,43.9,2.1,4,2019-02-22 14:35:00,0.9,169.03,42.86
53,14,40,25.1,0.37,216.4,101930.0,285.35,41.9,2.2,4,2019-02-22 14:40:00,0.9,194.27,52.16
53,14,45,24.66,0.4,227.0,101940.0,285.45,42.4,2.7,4,2019-02-22 14:45:00,0.9,203.67,55.92
53,14,50,24.21,0.34,188.6,101940.0,285.55,43.9,1.8,1,2019-02-22 14:50:00,0.9,170.23,44.8
53,14,55,23.74,0.37,201.3,101950.0,285.45,43.4,2.5,0,2019-02-22 14:55:00,0.9,181.99,47.98
53,15,0,23.26,0.4,213.4,101950.0,285.35,42.7,2.4,4,2019-02-22 15:00:00,0.89,190.98,56.77
53,15,5,22.76,0.37,192.6,101950.0,285.35,41.9,2.1,1,2019-02-22 15:05:00,0.9,173.37,49.71
53,15,10,22.25,0.32,165.3,101960.0,285.35,40.7,2.5,1,2019-02-22 15:10:00,0.91,149.67,41.28
53,15,15,21.72,0.28,139.5,101980.0,285.25,40.0,1.8,4,2019-02-22 15:15:00,0.9,126.14,36.09
53,15,20,21.19,0.28,139.2,101980.0,285.15,40.9,2.0,4,2019-02-22 15:20:00,0.9,125.95,36.66
53,15,25,20.64,0.3,145.9,101980.0,285.05,41.2,2.5,0,2019-02-22 15:25:00,0.91,132.89,36.92
53,15,30,20.08,0.28,131.1,101980.0,285.05,40.4,1.6,1,2019-02-22 15:30:00,0.91,118.93,35.44
53,15,35,19.51,0.27,121.3,101980.0,285.05,40.6,1.7,3,2019-02-22 15:35:00,0.91,110.02,33.79
53,15,40,18.92,0.3,131.0,101990.0,285.05,40.2,1.5,1,2019-02-22 15:40:00,0.91,118.88,37.39
53,15,45,18.33,0.33,139.3,101980.0,285.15,39.9,1.6,4,2019-02-22 15:45:00,0.9,125.94,42.47
53,15,50,17.72,0.36,148.6,101990.0,285.15,39.9,2.8,4,2019-02-22 15:50:00,0.91,135.09,44.38
53,15,55,17.11,0.3,121.2,101990.0,285.05,40.5,2.1,4,2019-02-22 15:55:00,0.91,110.15,37.56
53,16,0,16.48,0.31,116.8,101990.0,285.05,40.8,2.2,4,2019-02-22 16:00:00,0.91,106.0,38.07
53,16,5,15.85,0.32,116.9,101990.0,285.05,40.9,1.9,4,2019-02-22 16:05:00,0.91,105.97,40.01
53,16,10,15.2,0.31,107.7,102000.0,285.05,40.7,1.4,5,2019-02-22 16:10:00,0.91,97.59,38.57
53,16,15,14.55,0.29,96.3,101990.0,284.95,40.5,1.9,4,2019-02-22 16:15:00,0.91,87.76,34.0
53,16,20,13.89,0.29,92.3,101990.0,284.85,40.6,2.4,4,2019-02-22 16:20:00,0.92,84.7,31.66
53,16,25,13.22,0.28,86.3,101990.0,284.85,40.6,1.3,4,2019-02-22 16:25:00,0.91,78.71,33.2
53,16,30,12.54,0.26,76.4,102000.0,284.75,41.0,1.2,4,2019-02-22 16:30:00,0.91,69.86,30.14
53,16,35,11.86,0.26,71.5,102000.0,284.75,41.2,1.6,4,2019-02-22 16:35:00,0.92,65.7,28.24
53,16,40,11.16,0.25,62.9,102000.0,284.65,41.4,1.8,0,2019-02-22 16:40:00,0.94,59.07,19.8
53,16,45,10.46,0.22,52.9,102000.0,284.65,41.6,1.9,1,2019-02-22 16:45:00,0.94,49.67,17.79
53,16,50,9.76,0.19,42.1,102000.0,284.65,42.1,1.3,4,2019-02-22 16:50:00,0.93,38.98,18.42
53,16,55,9.05,0.17,34.5,102000.0,284.55,42.7,1.9,1,2019-02-22 16:55:00,0.94,32.57,12.28
53,17,0,8.33,0.15,28.6,102010.0,284.45,43.9,2.0,5,2019-02-22 17:00:00,0.94,26.74,12.82
53,17,5,7.61,0.16,28.1,102010.0,284.35,44.7,2.1,1,2019-02-22 17:05:00,0.95,26.79,9.89
53,17,10,6.88,0.17,26.5,102030.0,284.35,45.4,1.8,4,2019-02-22 17:10:00,0.94,25.04,12.2
53,17,15,6.15,0.17,23.1,102010.0,284.25,46.3,1.5,0,2019-02-22 17:15:00,0.96,22.1,9.37
53,17,20,5.42,0.17,19.4,102010.0,284.15,47.8,2.0,5,2019-02-22 17:20:00,0.95,18.5,9.49
54,8,5,5.63,0.46,54.4,102220.0,275.65,83.2,1.2,4,2019-02-23 08:05:00,0.97,52.7,17.37
54,8,10,6.36,0.43,59.6,102210.0,275.55,83.1,1.0,4,2019-02-23 08:10:00,0.97,57.74,16.75
54,8,15,7.1,0.42,65.4,102220.0,275.55,83.3,1.2,5,2019-02-23 08:15:00,0.97,63.43,15.95
54,8,20,7.83,0.42,73.2,102230.0,275.55,83.3,1.2,4,2019-02-23 08:20:00,0.97,71.0,16.15
54,8,25,8.55,0.56,107.7,102230.0,275.55,83.4,1.1,4,2019-02-23 08:25:00,0.82,88.21,131.07
54,8,30,9.27,0.69,144.2,102230.0,275.75,82.7,1.4,1,2019-02-23 08:30:00,0.47,68.3,471.2
54,8,35,9.99,0.72,162.6,102250.0,275.95,80.7,1.4,4,2019-02-23 08:35:00,0.47,76.97,493.58
54,8,40,10.7,0.7,171.0,102250.0,276.15,79.2,1.5,4,2019-02-23 08:40:00,0.47,80.7,486.38
54,8,45,11.4,0.66,172.2,102260.0,276.35,76.8,1.7,4,2019-02-23 08:45:00,0.48,82.19,455.39
54,8,50,12.09,0.66,183.6,102260.0,276.45,74.8,1.8,3,2019-02-23 08:50:00,0.47,85.98,466.08
54,8,55,12.78,0.59,174.4,102260.0,276.55,73.6,1.6,3,2019-02-23 08:55:00,0.53,92.48,370.33
54,9,0,13.46,0.56,174.6,102260.0,276.75,72.9,1.7,4,2019-02-23 09:00:00,0.67,116.65,248.95
54,9,5,14.13,0.48,157.6,102260.0,276.75,71.0,1.9,5,2019-02-23 09:05:00,0.92,145.59,49.19
54,9,10,14.8,0.55,186.5,102260.0,276.85,71.1,1.5,3,2019-02-23 09:10:00,0.73,135.32,200.35
54,9,15,15.46,0.59,208.6,102270.0,276.95,71.3,2.0,5,2019-02-23 09:15:00,0.57,118.31,338.71
54,9,20,16.1,0.57,212.9,102260.0,276.85,71.3,2.1,4,2019-02-23 09:20:00,0.6,127.69,307.28
54,9,25,16.74,0.63,242.9,102270.0,276.85,72.0,2.4,9,2019-02-23 09:25:00,0.53,128.24,398.09
54,9,30,17.37,0.61,245.7,102270.0,276.85,71.3,2.4,4,2019-02-23 09:30:00,0.48,118.83,424.97
54,9,35,17.99,0.62,256.0,102260.0,276.85,70.6,2.8,4,2019-02-23 09:35:00,0.48,123.98,427.47
54,9,40,18.6,0.69,295.0,102260.0,277.05,70.1,2.6,4,2019-02-23 09:40:00,0.33,96.84,621.26
54,9,45,19.19,0.68,301.5,102260.0,277.15,69.2,2.7,4,2019-02-23 09:45:00,0.35,104.29,599.98
54,9,50,19.78,0.68,312.0,102260.0,277.15,68.2,2.8,4,2019-02-23 09:50:00,0.36,111.9,591.29
54,9,55,20.35,0.68,320.0,102250.0,277.15,67.7,3.1,4,2019-02-23 09:55:00,0.39,123.54,564.95
54,10,0,20.92,0.65,313.0,102250.0,277.25,67.9,2.1,5,2019-02-23 10:00:00,0.49,152.95,448.23
54,10,5,21.47,0.63,311.5,102230.0,277.45,66.3,2.3,4,2019-02-23 10:05:00,0.52,163.43,404.55
54,10,10,22.01,0.67,340.5,102250.0,277.65,65.3,1.9,5,2019-02-23 10:10:00,0.47,160.9,479.24
54,10,15,22.54,0.67,350.0,102230.0,277.85,64.8,1.9,1,2019-02-23 10:15:00,0.45,155.81,506.59
54,10,20,23.05,0.67,358.0,102220.0,278.35,63.1,1.1,5,2019-02-23 10:20:00,0.51,181.17,451.64
54,10,25,23.55,0.68,367.5,102220.0,278.55,59.6,1.9,4,2019-02-23 10:25:00,0.48,174.79,482.31
54,10,30,24.03,0.68,374.0,102220.0,279.05,57.5,1.2,1,2019-02-23 10:30:00,0.48,178.0,481.31
54,10,35,24.51,0.67,379.0,102220.0,279.15,56.2,1.9,4,2019-02-23 10:35:00,0.5,188.28,459.72
54,10,40,24.96,0.67,382.5,102220.0,279.15,54.8,2.4,1,2019-02-23 10:40:00,0.47,181.06,477.36
54,10,45,25.41,0.68,396.0,102220.0,279.35,53.3,1.9,1,2019-02-23 10:45:00,0.47,186.73,487.71
54,10,50,25.83,0.69,411.5,102220.0,279.35,52.6,2.6,4,2019-02-23 10:50:00,0.48,195.53,495.69
54,10,55,26.24,0.67,402.5,102220.0,279.35,52.7,2.4,0,2019-02-23 10:55:00,0.48,192.13,475.8
54,11,0,26.64,0.68,414.5,102220.0,279.55,52.0,1.9,1,2019-02-23 11:00:00,0.49,201.53,474.97
54,11,5,27.02,0.68,421.5,102220.0,279.65,51.8,2.1,1,2019-02-23 11:05:00,0.48,204.05,478.66
54,11,10,27.38,0.69,435.5,102220.0,279.75,50.4,1.7,5,2019-02-23 11:10:00,0.51,220.44,467.64
54,11,15,27.73,0.7,446.5,102220.0,279.85,49.5,2.7,5,2019-02-23 11:15:00,0.48,216.09,495.18
54,11,20,28.06,0.72,460.0,102220.0,280.05,48.9,2.3,4,2019-02-23 11:20:00,0.46,213.87,523.24
54,11,25,28.37,0.71,463.0,102210.0,280.25,46.7,2.3,4,2019-02-23 11:25:00,0.47,218.65,514.25
54,11,30,28.66,0.72,473.0,102210.0,280.35,46.0,2.6,5,2019-02-23 11:30:00,0.47,221.7,523.97
54,11,35,28.94,0.73,481.0,102220.0,280.55,44.0,2.2,4,2019-02-23 11:35:00,0.46,220.33,538.68
54,11,40,29.19,0.71,475.5,102210.0,280.75,43.2,2.2,2,2019-02-23 11:40:00,0.47,223.08,517.57
54,11,45,29.43,0.69,466.5,102200.0,280.85,42.8,1.6,13,2019-02-23 11:45:00,0.53,245.49,449.79
54,11,50,29.65,0.73,492.0,102200.0,281.05,40.5,1.9,5,2019-02-23 11:50:00,0.47,230.91,527.77
54,11,55,29.85,0.68,465.5,102180.0,281.15,39.5,2.1,4,2019-02-23 11:55:00,0.52,242.16,448.71
54,12,0,30.03,0.69,469.5,102170.0,281.25,38.7,2.0,4,2019-02-23 12:00:00,0.51,238.97,460.64
54,12,5,30.19,0.7,481.0,102160.0,281.25,37.4,2.3,4,2019-02-23 12:05:00,0.49,236.97,485.28
54,12,10,30.33,0.69,478.0,102160.0,281.25,38.9,2.3,5,2019-02-23 12:10:00,0.51,243.27,464.83
54,12,15,30.45,0.68,473.5,102160.0,281.45,37.4,2.3,1,2019-02-23 12:15:00,0.5,236.28,468.08
54,12,20,30.56,0.64,446.5,102150.0,281.25,35.9,3.2,4,2019-02-23 12:20:00,0.61,272.16,342.9
54,12,25,30.64,0.63,437.0,102150.0,281.35,36.8,2.6,4,2019-02-23 12:25:00,0.63,275.97,315.97
54,12,30,30.7,0.67,470.0,102150.0,281.45,35.0,2.5,0,2019-02-23 12:30:00,0.51,239.73,451.03
54,12,35,30.74,0.68,474.0,102170.0,281.45,34.1,2.2,5,2019-02-23 12:35:00,0.53,252.51,433.32
54,12,40,30.76,0.7,489.5,102170.0,281.65,33.5,2.8,4,2019-02-23 12:40:00,0.5,243.91,480.19
54,12,45,30.76,0.73,510.0,102180.0,281.55,33.3,3.3,4,2019-02-23 12:45:00,0.47,241.35,525.28
54,12,50,30.74,0.77,540.0,102180.0,281.55,33.6,3.3,4,2019-02-23 12:50:00,0.42,225.02,616.23
54,12,55,30.7,0.7,488.0,102200.0,281.65,30.9,2.9,1,2019-02-23 12:55:00,0.49,239.28,487.16
54,13,0,30.64,0.75,523.5,102200.0,281.75,29.6,2.5,0,2019-02-23 13:00:00,0.41,216.82,601.75
54,13,5,30.56,0.73,510.0,102180.0,281.95,28.7,1.9,9,2019-02-23 13:05:00,0.47,237.45,536.05
54,13,10,30.46,0.7,486.0,102180.0,282.35,26.5,1.9,6,2019-02-23 13:10:00,0.49,239.26,486.73
54,13,15,30.34,0.71,489.0,102180.0,282.25,26.5,2.6,5,2019-02-23 13:15:00,0.48,236.94,499.0
54,13,20,30.2,0.75,517.5,102180.0,282.25,25.9,2.6,1,2019-02-23 13:20:00,0.42,216.07,599.25
54,13,25,30.04,0.74,509.5,102170.0,282.55,24.5,1.6,4,2019-02-23 13:25:00,0.45,226.73,564.86
54,13,30,29.86,0.73,496.0,102170.0,282.55,22.8,2.2,4,2019-02-23 13:30:00,0.46,228.19,537.9
54,13,35,29.66,0.72,484.5,102150.0,282.85,22.8,1.7,1,2019-02-23 13:35:00,0.46,224.42,525.57
54,13,40,29.44,0.74,497.0,102150.0,283.05,21.9,1.8,4,2019-02-23 13:40:00,0.44,220.23,563.1
54,13,45,29.21,0.74,493.0,102150.0,282.95,21.2,2.4,13,2019-02-23 13:45:00,0.46,225.52,548.1
54,13,50,28.95,0.78,519.0,102140.0,282.95,20.5,2.2,5,2019-02-23 13:50:00,0.34,174.09,712.56
54,13,55,28.68,0.7,459.5,102120.0,282.95,19.5,1.7,0,2019-02-23 13:55:00,0.47,216.79,505.73
54,14,0,28.38,0.77,502.0,102110.0,282.95,20.8,2.5,1,2019-02-23 14:00:00,0.33,166.63,705.57
54,14,5,28.07,0.77,494.5,102090.0,283.25,18.6,1.8,4,2019-02-23 14:05:00,0.34,166.81,696.4
54,14,10,27.75,0.72,459.0,102100.0,283.35,18.5,2.9,4,2019-02-23 14:10:00,0.46,209.65,535.54
54,14,15,27.4,0.72,453.0,102100.0,283.25,18.9,2.5,5,2019-02-23 14:15:00,0.45,204.53,539.93
54,14,20,27.04,0.74,461.0,102090.0,283.25,18.5,2.1,1,2019-02-23 14:20:00,0.37,169.86,640.42
54,14,25,26.66,0.69,421.5,102100.0,283.35,18.7,2.7,1,2019-02-23 14:25:00,0.47,198.55,496.88
54,14,30,26.27,0.64,387.0,102090.0,283.25,18.3,2.5,5,2019-02-23 14:30:00,0.55,213.9,391.1
54,14,35,25.86,0.63,374.5,102090.0,283.15,18.7,2.2,9,2019-02-23 14:35:00,0.56,210.35,376.34
54,14,40,25.43,0.65,379.0,102090.0,283.15,17.7,2.6,4,2019-02-23 14:40:00,0.53,199.23,418.65
54,14,45,24.99,0.61,351.0,102070.0,283.45,17.5,1.5,4,2019-02-23 14:45:00,0.59,208.44,337.46
54,14,50,24.53,0.51,291.0,102070.0,283.25,17.0,2.8,0,2019-02-23 14:50:00,0.83,242.06,117.88
54,15,0,23.58,0.45,245.4,102060.0,283.15,17.3,1.6,0,2019-02-23 15:00:00,0.87,213.22,80.45
54,15,5,23.08,0.47,253.4,102040.0,283.05,16.6,2.2,4,2019-02-23 15:05:00,0.87,219.86,85.55
54,15,10,22.57,0.46,242.8,102040.0,283.05,16.9,1.8,4,2019-02-23 15:10:00,0.87,211.14,82.48
54,15,15,22.04,0.48,245.2,102040.0,283.15,17.2,1.7,5,2019-02-23 15:15:00,0.86,210.59,92.23
54,15,20,21.5,0.51,254.1,102040.0,283.25,17.3,1.6,1,2019-02-23 15:20:00,0.8,203.38,138.4
54,15,25,20.95,0.52,254.3,102040.0,283.25,17.1,1.5,1,2019-02-23 15:25:00,0.77,195.4,164.72
54,15,30,20.39,0.54,254.3,102050.0,283.05,25.7,2.4,4,2019-02-23 15:30:00,0.79,201.36,151.94
54,15,35,19.81,0.5,229.3,102050.0,282.85,29.5,2.0,4,2019-02-23 15:35:00,0.86,196.16,97.78
54,15,40,19.23,0.49,219.6,102060.0,282.65,28.7,2.4,14,2019-02-23 15:40:00,0.85,185.65,103.06
54,15,45,18.63,0.44,189.3,102060.0,282.45,29.9,2.4,4,2019-02-23 15:45:00,0.9,169.75,61.19
54,15,50,18.03,0.42,175.6,102060.0,282.35,30.5,2.0,5,2019-02-23 15:50:00,0.9,157.82,57.45
54,15,55,17.41,0.42,168.3,102060.0,282.35,30.4,1.7,1,2019-02-23 15:55:00,0.9,151.96,54.62
54,16,0,16.78,0.4,154.3,102060.0,282.25,29.2,1.7,1,2019-02-23 16:00:00,0.9,138.99,53.03
54,16,5,16.14,0.38,142.9,102060.0,282.15,29.5,2.5,4,2019-02-23 16:05:00,0.91,129.73,47.36
54,16,10,15.5,0.38,136.8,102060.0,282.05,29.9,2.2,6,2019-02-23 16:10:00,0.91,123.96,48.06
54,16,15,14.84,0.41,139.8,102060.0,281.95,29.3,2.3,1,2019-02-23 16:15:00,0.91,127.58,47.72
54,16,20,14.18,0.41,136.1,102060.0,281.85,29.8,2.1,4,2019-02-23 16:20:00,0.91,123.58,51.1
54,16,25,13.51,0.38,119.6,102070.0,281.75,29.8,2.0,5,2019-02-23 16:25:00,0.91,109.23,44.4
54,16,30,12.83,0.38,111.8,102070.0,281.65,30.0,2.6,4,2019-02-23 16:30:00,0.93,103.97,35.26
54,16,35,12.14,0.37,104.7,102070.0,281.55,29.8,2.7,4,2019-02-23 16:35:00,0.94,98.2,30.9
54,16,40,11.44,0.39,101.4,102070.0,281.45,30.2,2.3,5,2019-02-23 16:40:00,0.93,94.3,35.81
54,16,45,10.74,0.38,94.3,102070.0,281.45,30.4,2.4,3,2019-02-23 16:45:00,0.94,88.96,28.68
54,16,50,10.04,0.37,83.9,102070.0,281.35,29.8,1.9,4,2019-02-23 16:50:00,0.94,78.45,31.23
54,16,55,9.32,0.36,77.3,102070.0,281.25,29.1,2.7,4,2019-02-23 16:55:00,0.96,74.12,19.66
54,17,0,8.6,0.36,69.8,102070.0,281.25,29.4,2.2,4,2019-02-23 17:00:00,0.95,66.23,23.85
54,17,5,7.88,0.34,60.9,102070.0,281.25,28.8,1.7,4,2019-02-23 17:05:00,0.94,57.51,24.76
54,17,10,7.15,0.34,53.5,102070.0,281.15,28.2,1.8,4,2019-02-23 17:10:00,0.95,50.83,21.44
54,17,15,6.42,0.33,45.9,102070.0,281.05,28.4,2.3,4,2019-02-23 17:15:00,0.96,44.13,15.81
54,17,20,5.68,0.29,35.8,102070.0,281.05,28.6,1.5,4,2019-02-23 17:20:00,0.95,34.12,17.02
55,8,0,5.2,0.36,38.9,102210.0,270.45,45.9,0.0,1,2019-02-24 08:00:00,0.96,37.44,16.08
55,8,5,5.94,0.28,35.5,102210.0,270.55,45.6,0.0,1,2019-02-24 08:05:00,0.97,34.44,10.21
55,8,10,6.67,0.25,36.5,102210.0,270.65,44.8,0.0,1,2019-02-24 08:10:00,0.97,35.45,9.04
55,8,15,7.41,0.23,37.3,102220.0,270.95,43.8,0.0,1,2019-02-24 08:15:00,0.97,36.24,8.24
55,8,20,8.14,0.25,44.9,102220.0,271.15,43.2,0.1,1,2019-02-24 08:20:00,0.97,43.62,9.05
55,8,25,8.87,0.51,101.6,102210.0,271.35,43.5,0.0,1,2019-02-24 08:25:00,0.87,88.62,84.16
55,8,30,9.59,0.64,138.7,102210.0,271.85,42.9,0.1,1,2019-02-24 08:30:00,0.56,76.99,370.41
55,8,35,10.3,0.65,151.1,102210.0,272.65,39.0,0.9,1,2019-02-24 08:35:00,0.53,80.07,397.25
55,8,40,11.01,0.66,164.7,102210.0,273.35,36.9,0.9,4,2019-02-24 08:40:00,0.52,86.36,410.18
55,8,45,11.72,0.66,177.0,102210.0,273.85,34.7,1.0,3,2019-02-24 08:45:00,0.5,88.2,437.16
55,8,50,12.41,0.65,184.4,102200.0,274.05,33.3,1.3,4,2019-02-24 08:50:00,0.51,93.96,420.85
55,8,55,13.1,0.66,199.3,102180.0,274.25,32.0,1.5,4,2019-02-24 08:55:00,0.49,96.86,451.96
55,9,0,13.79,0.67,213.8,102180.0,274.55,31.6,1.1,1,2019-02-24 09:00:00,0.46,97.59,487.54
55,9,5,14.46,0.68,227.5,102180.0,274.85,30.0,1.6,1,2019-02-24 09:05:00,0.44,99.51,512.56
55,9,10,15.13,0.67,232.1,102180.0,275.15,29.1,1.3,4,2019-02-24 09:10:00,0.46,107.15,478.7
55,9,15,15.78,0.66,238.8,102180.0,275.45,27.9,1.4,1,2019-02-24 09:15:00,0.41,97.57,519.35
55,9,20,16.43,0.69,260.5,102180.0,275.85,27.5,1.2,5,2019-02-24 09:20:00,0.44,113.81,518.64
55,9,25,17.07,0.7,275.0,102170.0,276.15,25.6,1.2,5,2019-02-24 09:25:00,0.41,113.5,550.16
55,9,30,17.7,0.69,282.0,102170.0,276.65,23.8,1.1,1,2019-02-24 09:30:00,0.28,78.74,668.56
55,9,40,18.93,0.67,293.5,102170.0,277.55,21.4,1.0,4,2019-02-24 09:40:00,0.42,123.18,525.02
55,9,45,19.53,0.71,319.5,102170.0,277.95,20.0,1.1,7,2019-02-24 09:45:00,0.33,106.7,636.56
55,9,50,20.12,0.73,337.0,102180.0,278.55,17.8,0.8,6,2019-02-24 09:50:00,0.27,92.1,711.94
55,9,55,20.7,0.72,343.5,102170.0,278.75,16.8,0.8,5,2019-02-24 09:55:00,0.28,97.21,696.77
55,10,0,21.26,0.72,351.5,102170.0,278.95,15.0,0.5,4,2019-02-24 10:00:00,0.35,124.0,627.4
55,10,5,21.81,0.73,366.5,102160.0,279.25,13.6,1.0,4,2019-02-24 10:05:00,0.3,110.07,690.19
55,10,10,22.35,0.74,381.5,102160.0,279.55,12.8,1.0,4,2019-02-24 10:10:00,0.28,106.24,723.87
55,10,15,22.88,0.74,390.5,102160.0,280.15,11.8,0.5,3,2019-02-24 10:15:00,0.3,118.54,699.49
55,10,20,23.4,0.75,402.5,102150.0,280.45,10.2,0.7,5,2019-02-24 10:20:00,0.3,119.73,712.01
55,10,25,23.9,0.75,411.0,102150.0,280.75,8.9,0.4,3,2019-02-24 10:25:00,0.31,126.33,702.64
55,10,30,24.39,0.75,419.0,102160.0,281.15,8.4,0.4,5,2019-02-24 10:30:00,0.34,140.56,674.28
55,10,35,24.86,0.75,431.5,102160.0,281.65,7.7,0.4,6,2019-02-24 10:35:00,0.33,140.78,691.52
55,10,40,25.32,0.76,443.0,102160.0,281.95,5.4,0.5,5,2019-02-24 10:40:00,0.3,132.85,725.2
55,10,45,25.76,0.76,451.0,102160.0,282.05,5.3,0.4,14,2019-02-24 10:45:00,0.39,175.8,633.22
55,10,50,26.19,0.77,460.0,102160.0,282.15,4.6,0.8,7,2019-02-24 10:50:00,0.32,148.28,706.28
55,10,55,26.6,0.77,467.0,102150.0,282.55,3.8,0.7,7,2019-02-24 10:55:00,0.33,154.59,697.72
55,11,0,27.0,0.76,471.0,102150.0,282.85,2.2,0.5,3,2019-02-24 11:00:00,0.35,167.04,669.54
55,11,5,27.38,0.76,476.5,102140.0,283.25,2.3,0.7,7,2019-02-24 11:05:00,0.38,180.77,643.04
55,11,10,27.74,0.76,485.5,102140.0,283.25,1.8,1.1,7,2019-02-24 11:10:00,0.38,182.41,651.17
55,11,20,28.42,0.76,490.5,102140.0,284.15,0.1,1.0,7,2019-02-24 11:20:00,0.41,198.85,612.81
55,11,25,28.73,0.74,488.5,102140.0,284.55,0.1,0.8,4,2019-02-24 11:25:00,0.43,210.84,577.65
55,11,30,29.03,0.77,508.5,102140.0,284.75,0.1,1.2,1,2019-02-24 11:30:00,0.34,175.05,687.14
55,11,35,29.3,0.76,510.5,102140.0,284.85,0.1,1.2,10,2019-02-24 11:35:00,0.42,213.84,606.2
55,11,40,29.56,0.76,514.0,102150.0,285.45,0.1,0.8,5,2019-02-24 11:40:00,0.4,207.9,620.47
55,11,45,29.8,0.76,519.0,102140.0,285.75,0.1,1.0,3,2019-02-24 11:45:00,0.4,205.43,630.95
55,11,50,30.02,0.76,520.0,102140.0,285.95,0.1,1.2,4,2019-02-24 11:50:00,0.41,214.6,610.44
55,11,55,30.22,0.77,526.5,102140.0,285.85,0.1,1.5,15,2019-02-24 11:55:00,0.44,233.68,581.78
55,12,0,30.4,0.76,524.0,102140.0,285.95,0.1,1.2,5,2019-02-24 12:00:00,0.41,216.06,608.54
55,12,5,30.56,0.77,532.5,102120.0,286.25,0.1,0.9,9,2019-02-24 12:05:00,0.41,217.08,620.37
55,12,10,30.7,0.77,540.0,102110.0,286.25,0.1,1.5,4,2019-02-24 12:10:00,0.38,204.14,657.85
55,12,15,30.82,0.78,543.5,102110.0,286.15,0.1,1.7,4,2019-02-24 12:15:00,0.37,200.35,669.77
55,12,20,30.93,0.75,527.5,102100.0,286.35,0.1,1.4,6,2019-02-24 12:20:00,0.44,233.33,572.32
55,12,25,31.01,0.77,545.0,102090.0,286.65,0.1,1.2,6,2019-02-24 12:25:00,0.4,218.12,634.49
55,12,30,31.07,0.78,548.5,102090.0,286.95,0.1,1.3,1,2019-02-24 12:30:00,0.37,200.8,673.73
55,12,35,31.11,0.78,550.5,102090.0,286.55,0.1,2.2,5,2019-02-24 12:35:00,0.38,208.55,661.81
55,12,40,31.13,0.78,548.5,102090.0,286.55,0.1,1.9,6,2019-02-24 12:40:00,0.39,214.51,646.04
55,12,45,31.13,0.77,547.0,102070.0,286.35,0.2,2.2,1,2019-02-24 12:45:00,0.38,205.55,660.47
55,12,50,31.11,0.78,550.5,102060.0,285.95,1.8,2.4,4,2019-02-24 12:50:00,0.38,207.93,663.01
55,12,55,31.07,0.76,538.5,102060.0,285.85,2.7,2.1,4,2019-02-24 12:55:00,0.42,226.26,605.02
55,13,0,31.01,0.72,508.0,102060.0,285.55,2.5,2.3,4,2019-02-24 13:00:00,0.47,237.03,525.96
55,13,5,30.92,0.76,531.0,102060.0,285.45,2.8,2.2,5,2019-02-24 13:05:00,0.42,223.03,599.36
55,13,10,30.82,0.77,537.5,102060.0,285.25,3.0,2.6,4,2019-02-24 13:10:00,0.39,211.3,636.68
55,13,15,30.7,0.76,527.5,102070.0,285.05,4.2,1.9,5,2019-02-24 13:15:00,0.42,222.7,597.01
55,13,20,30.56,0.77,535.0,102070.0,285.25,4.9,1.9,4,2019-02-24 13:20:00,0.39,208.51,642.14
55,13,25,30.4,0.77,532.0,102070.0,285.05,4.7,2.4,5,2019-02-24 13:25:00,0.39,207.88,640.51
55,13,30,30.22,0.78,536.0,102070.0,284.85,4.9,2.9,4,2019-02-24 13:30:00,0.37,195.74,676.02
55,13,35,30.02,0.77,530.0,102070.0,285.15,5.3,1.8,13,2019-02-24 13:35:00,0.41,216.91,625.8
55,13,40,29.8,0.77,525.5,102070.0,285.45,5.1,2.1,1,2019-02-24 13:40:00,0.36,190.22,674.65
55,13,45,29.56,0.77,520.5,102070.0,285.75,4.9,1.8,5,2019-02-24 13:45:00,0.39,201.13,647.37
55,13,50,29.3,0.77,517.0,102070.0,285.55,4.7,3.2,4,2019-02-24 13:50:00,0.38,196.18,655.56
55,13,55,29.03,0.77,510.5,102070.0,285.55,4.3,2.4,2,2019-02-24 13:55:00,0.36,185.11,670.53
55,14,5,28.42,0.77,500.0,102090.0,285.25,5.4,2.7,9,2019-02-24 14:05:00,0.37,185.84,660.09
55,14,10,28.09,0.77,494.5,102070.0,285.35,4.3,2.5,4,2019-02-24 14:10:00,0.34,169.03,691.23
55,14,15,27.74,0.77,489.0,102070.0,285.25,4.6,2.7,4,2019-02-24 14:15:00,0.34,164.74,696.64
55,14,20,27.38,0.77,480.5,102070.0,285.15,4.7,2.9,1,2019-02-24 14:20:00,0.32,153.87,710.24
55,14,25,27.0,0.76,472.0,102090.0,285.05,4.2,2.7,1,2019-02-24 14:25:00,0.32,153.06,702.53
55,14,30,26.6,0.76,464.0,102090.0,285.05,3.6,2.8,4,2019-02-24 14:30:00,0.34,158.54,682.2
55,14,35,26.19,0.75,452.5,102090.0,284.95,3.7,2.6,4,2019-02-24 14:35:00,0.35,160.32,662.01
55,14,40,25.76,0.74,438.0,102090.0,285.15,3.1,2.6,5,2019-02-24 14:40:00,0.39,168.83,619.35
55,14,45,25.32,0.75,436.0,102090.0,285.05,3.0,2.2,1,2019-02-24 14:45:00,0.33,145.67,678.87
55,14,50,24.86,0.73,421.0,102100.0,285.25,2.8,1.8,0,2019-02-24 14:50:00,0.37,155.9,630.58
55,14,55,24.39,0.73,409.0,102100.0,285.05,2.6,2.8,1,2019-02-24 14:55:00,0.36,146.75,635.08
55,15,5,23.4,0.74,399.5,102100.0,285.45,3.6,1.8,5,2019-02-24 15:05:00,0.31,122.58,697.28
55,15,10,22.88,0.74,390.5,102100.0,285.45,3.0,1.8,4,2019-02-24 15:10:00,0.29,114.37,710.2
55,15,15,22.36,0.74,380.5,102090.0,285.35,2.5,2.5,4,2019-02-24 15:15:00,0.27,104.15,726.44
55,15,20,21.82,0.73,368.5,102090.0,285.35,3.3,2.1,4,2019-02-24 15:20:00,0.29,105.09,708.67
55,15,25,21.26,0.72,356.0,102100.0,285.55,2.6,1.6,4,2019-02-24 15:25:00,0.3,106.75,687.38
55,15,30,20.7,0.72,345.0,102090.0,285.35,2.7,2.3,1,2019-02-24 15:30:00,0.27,93.14,712.54
55,15,35,20.12,0.72,334.5,102070.0,285.25,3.5,2.4,5,2019-02-24 15:35:00,0.27,90.01,710.76
55,15,40,19.53,0.71,321.0,102070.0,285.25,3.1,1.8,4,2019-02-24 15:40:00,0.29,94.29,678.16
55,15,45,18.93,0.7,309.5,102070.0,285.35,2.9,2.1,5,2019-02-24 15:45:00,0.29,90.52,674.99
55,15,50,18.33,0.7,297.0,102090.0,285.45,4.4,1.8,2,2019-02-24 15:50:00,0.29,85.35,672.98
55,15,55,17.71,0.69,283.5,102060.0,285.55,3.8,1.7,1,2019-02-24 15:55:00,0.3,84.07,655.58
55,16,0,17.08,0.68,270.5,102060.0,285.75,4.0,1.4,4,2019-02-24 16:00:00,0.27,74.31,667.98
55,16,5,16.44,0.68,259.0,102060.0,285.75,1.4,1.5,5,2019-02-24 16:05:00,0.29,74.33,652.52
55,16,10,15.79,0.67,246.1,102050.0,285.75,1.9,1.4,0,2019-02-24 16:10:00,0.26,64.24,668.31
55,16,15,15.13,0.66,232.7,102050.0,285.85,1.8,1.2,4,2019-02-24 16:15:00,0.33,76.56,598.22
55,16,20,14.47,0.66,219.6,102050.0,285.85,2.2,1.5,1,2019-02-24 16:20:00,0.31,68.07,606.42
55,16,25,13.79,0.65,207.3,102050.0,285.85,1.7,1.6,5,2019-02-24 16:25:00,0.43,89.99,492.16
55,16,30,13.11,0.64,193.6,102060.0,285.95,2.1,1.3,1,2019-02-24 16:30:00,0.43,82.5,489.83
55,16,35,12.42,0.63,181.4,102050.0,285.85,1.6,1.8,4,2019-02-24 16:35:00,0.48,87.44,436.88
55,16,40,11.72,0.62,166.8,102060.0,285.95,2.9,0.9,5,2019-02-24 16:40:00,0.56,93.36,361.57
55,16,45,11.02,0.61,154.4,102060.0,285.75,2.4,1.8,1,2019-02-24 16:45:00,0.6,93.2,320.18
55,16,50,10.31,0.6,141.4,102060.0,285.55,3.0,1.7,3,2019-02-24 16:50:00,0.8,112.71,160.3
55,16,55,9.6,0.59,129.1,102070.0,285.45,3.7,2.2,4,2019-02-24 16:55:00,0.87,112.72,98.24
55,17,0,8.87,0.51,103.4,102060.0,285.25,4.4,2.2,4,2019-02-24 17:00:00,0.93,95.8,49.28
55,17,5,8.15,0.5,92.4,102070.0,285.05,5.4,1.8,3,2019-02-24 17:05:00,0.93,86.09,44.54
55,17,10,7.42,0.49,80.9,102070.0,284.85,5.4,1.7,4,2019-02-24 17:10:00,0.94,75.81,39.42
55,17,15,6.68,0.38,55.6,102070.0,284.85,5.5,1.5,4,2019-02-24 17:15:00,0.95,52.67,25.16
55,17,20,5.94,0.35,45.4,102090.0,284.75,5.5,1.7,5,2019-02-24 17:20:00,0.95,43.16,21.6
55,17,25,5.2,0.26,28.9,102070.0,284.65,5.5,1.5,4,2019-02-24 17:25:00,0.95,27.49,15.53
56,8,0,5.5,0.44,50.9,102270.0,271.95,46.1,0.0,11,2019-02-25 08:00:00,0.91,46.36,47.39
56,8,5,6.25,0.34,45.4,102270.0,272.05,46.0,0.3,11,2019-02-25 08:05:00,0.97,43.89,13.88
56,8,10,6.99,0.27,40.9,102270.0,272.15,45.3,0.5,11,2019-02-25 08:10:00,0.97,39.73,9.65
56,8,15,7.72,0.25,41.9,102260.0,272.25,45.0,0.4,11,2019-02-25 08:15:00,0.97,40.71,8.85
56,8,20,8.46,0.26,48.3,102270.0,272.45,45.2,0.2,11,2019-02-25 08:20:00,0.97,46.93,9.34
56,8,25,9.18,0.53,110.2,102260.0,272.75,44.4,0.5,11,2019-02-25 08:25:00,0.77,84.82,159.12
56,8,30,9.91,0.61,136.2,102260.0,273.15,44.3,0.1,11,2019-02-25 08:30:00,0.58,78.99,332.4
56,8,35,10.62,0.61,146.8,102260.0,274.15,41.0,0.0,11,2019-02-25 08:35:00,0.56,82.07,351.21
56,8,40,11.34,0.61,158.6,102260.0,275.05,37.6,0.2,11,2019-02-25 08:40:00,0.54,86.02,369.13
56,8,45,12.04,0.62,169.6,102270.0,275.75,34.8,0.4,11,2019-02-25 08:45:00,0.53,90.62,378.63
56,8,50,12.74,0.62,181.0,102260.0,276.65,33.1,0.4,11,2019-02-25 08:50:00,0.51,93.15,398.38
56,8,55,13.43,0.63,193.3,102260.0,277.35,30.1,0.6,11,2019-02-25 08:55:00,0.5,97.24,413.59
56,9,0,14.11,0.63,205.9,102260.0,277.25,29.5,0.5,11,2019-02-25 09:00:00,0.49,101.9,426.61
56,9,5,14.79,0.64,217.9,102260.0,277.85,26.9,0.5,11,2019-02-25 09:05:00,0.48,105.2,441.47
56,9,10,15.46,0.64,229.6,102260.0,278.65,25.4,0.5,11,2019-02-25 09:10:00,0.47,108.48,454.38
56,9,15,16.12,0.65,241.8,102260.0,279.35,23.8,0.4,11,2019-02-25 09:15:00,0.46,111.61,468.9
56,9,20,16.77,0.66,253.5,102250.0,280.05,20.7,0.1,11,2019-02-25 09:20:00,0.45,113.85,484.01
56,9,25,17.41,0.66,265.5,102250.0,280.15,19.6,0.3,11,2019-02-25 09:25:00,0.45,119.49,487.98
56,9,30,18.04,0.67,277.0,102250.0,279.55,20.9,0.5,11,2019-02-25 09:30:00,0.45,126.01,487.58
56,9,35,18.66,0.67,289.5,102230.0,279.55,20.8,0.4,11,2019-02-25 09:35:00,0.46,132.05,492.1
56,9,40,19.27,0.68,301.0,102230.0,279.95,18.6,0.4,14,2019-02-25 09:40:00,0.47,140.23,487.14
56,9,45,19.87,0.68,313.0,102230.0,280.65,15.4,0.5,3,2019-02-25 09:45:00,0.44,137.65,515.91
56,9,50,20.46,0.69,327.5,102230.0,280.95,13.9,1.2,1,2019-02-25 09:50:00,0.35,113.29,612.81
56,9,55,21.04,0.7,337.5,102230.0,281.45,13.0,0.3,4,2019-02-25 09:55:00,0.43,144.68,537.08
56,10,0,21.61,0.7,349.0,102230.0,281.95,13.5,0.4,3,2019-02-25 10:00:00,0.44,154.71,527.55
56,10,5,22.16,0.7,358.0,102220.0,282.25,12.0,0.4,9,2019-02-25 10:05:00,0.46,164.2,513.79
56,10,10,22.7,0.7,367.0,102220.0,282.45,11.8,0.6,1,2019-02-25 10:10:00,0.45,164.58,524.53
56,10,15,23.23,0.69,366.5,102230.0,282.65,11.9,0.5,12,2019-02-25 10:15:00,0.5,183.67,463.54
56,10,20,23.75,0.69,377.5,102220.0,282.85,12.0,0.4,4,2019-02-25 10:20:00,0.49,186.19,475.02
56,10,25,24.25,0.71,398.0,102220.0,283.05,12.3,0.6,7,2019-02-25 10:25:00,0.47,186.37,515.27
56,10,30,24.74,0.72,408.5,102220.0,283.15,11.5,0.7,3,2019-02-25 10:30:00,0.45,184.88,534.33
56,10,35,25.22,0.73,420.0,102230.0,283.35,11.1,1.1,1,2019-02-25 10:35:00,0.42,176.79,570.8
56,10,40,25.68,0.73,430.0,102220.0,283.15,11.3,1.1,4,2019-02-25 10:40:00,0.45,191.56,550.22
56,10,45,26.12,0.73,438.5,102230.0,283.45,10.2,1.0,4,2019-02-25 10:45:00,0.45,196.95,548.67
56,10,50,26.55,0.73,445.0,102230.0,283.65,10.4,0.6,4,2019-02-25 10:50:00,0.46,204.52,538.02
56,10,55,26.96,0.73,450.5,102220.0,284.55,10.4,0.4,3,2019-02-25 10:55:00,0.46,207.64,535.68
56,11,0,27.36,0.73,458.5,102210.0,285.05,8.4,0.7,3,2019-02-25 11:00:00,0.45,206.19,549.0
56,11,5,27.74,0.74,468.5,102210.0,284.85,6.0,1.3,4,2019-02-25 11:05:00,0.44,204.81,566.52
56,11,10,28.11,0.74,478.0,102200.0,284.75,6.6,1.0,1,2019-02-25 11:10:00,0.43,204.46,580.56
56,11,15,28.46,0.74,482.0,102200.0,284.95,6.1,0.7,1,2019-02-25 11:15:00,0.44,212.36,565.82
56,11,20,28.79,0.75,491.0,102200.0,285.25,6.5,0.9,6,2019-02-25 11:20:00,0.45,219.4,563.96
56,11,25,29.1,0.75,497.0,102200.0,285.55,5.6,0.9,5,2019-02-25 11:25:00,0.45,221.6,566.29
56,11,30,29.39,0.75,504.0,102180.0,285.85,5.4,1.1,5,2019-02-25 11:30:00,0.44,222.78,573.03
56,11,35,29.67,0.76,511.0,102170.0,286.05,5.4,1.2,5,2019-02-25 11:35:00,0.44,222.35,583.12
56,11,40,29.93,0.76,516.5,102170.0,286.35,4.7,1.2,4,2019-02-25 11:40:00,0.43,223.48,587.29
56,11,45,30.17,0.76,523.5,102170.0,286.25,4.6,1.6,4,2019-02-25 11:45:00,0.42,222.24,599.44
56,11,50,30.39,0.76,526.0,102160.0,286.75,4.0,1.0,4,2019-02-25 11:50:00,0.44,229.56,585.98
56,11,55,30.59,0.76,531.0,102150.0,286.95,4.4,1.2,7,2019-02-25 11:55:00,0.44,233.41,584.79
56,12,0,30.77,0.76,533.0,102150.0,287.45,4.3,0.9,4,2019-02-25 12:00:00,0.43,226.75,598.62
56,12,5,30.93,0.76,536.0,102150.0,287.55,4.1,1.2,1,2019-02-25 12:05:00,0.41,221.16,612.55
56,12,10,31.07,0.76,539.5,102150.0,287.65,4.3,1.5,4,2019-02-25 12:10:00,0.42,227.65,604.25
56,12,15,31.2,0.77,542.5,102140.0,287.75,4.2,1.5,4,2019-02-25 12:15:00,0.42,226.86,609.31
56,12,20,31.3,0.77,545.5,102140.0,287.85,5.0,2.1,4,2019-02-25 12:20:00,0.41,223.36,620.08
56,12,25,31.38,0.77,549.0,102120.0,287.75,5.1,1.9,4,2019-02-25 12:25:00,0.41,225.97,620.37
56,12,30,31.44,0.77,551.0,102120.0,287.85,4.9,2.3,5,2019-02-25 12:30:00,0.41,225.33,624.35
56,12,35,31.48,0.77,552.5,102110.0,288.15,5.1,1.6,5,2019-02-25 12:35:00,0.42,231.86,614.02
56,12,40,31.5,0.77,553.5,102110.0,288.15,4.9,2.1,10,2019-02-25 12:40:00,0.42,233.43,612.58
56,12,45,31.5,0.76,546.0,102110.0,288.35,4.9,1.9,4,2019-02-25 12:45:00,0.43,236.11,593.09
56,12,50,31.48,0.74,528.0,102110.0,288.35,5.2,2.1,5,2019-02-25 12:50:00,0.46,244.12,543.62
56,12,55,31.44,0.74,530.5,102110.0,288.35,4.6,2.8,1,2019-02-25 12:55:00,0.44,234.03,568.38
56,13,0,31.37,0.78,552.0,102110.0,288.55,4.9,1.9,0,2019-02-25 13:00:00,0.37,206.94,662.86
56,13,5,31.29,0.77,548.5,102100.0,288.85,5.3,1.9,3,2019-02-25 13:05:00,0.4,219.77,632.93
56,13,10,31.19,0.77,545.0,102110.0,288.75,5.9,2.3,1,2019-02-25 13:10:00,0.39,211.89,643.23
56,13,15,31.07,0.77,543.5,102100.0,288.85,5.8,2.1,1,2019-02-25 13:15:00,0.39,213.74,638.96
56,13,20,30.92,0.77,539.5,102100.0,289.05,5.3,1.8,1,2019-02-25 13:20:00,0.4,216.6,628.4
56,13,25,30.76,0.77,536.0,102100.0,289.05,6.2,1.8,1,2019-02-25 13:25:00,0.4,216.48,624.75
56,13,30,30.58,0.76,531.5,102090.0,289.35,5.5,1.6,5,2019-02-25 13:30:00,0.43,226.03,600.44
56,13,35,30.37,0.77,529.5,102070.0,289.45,6.4,2.2,4,2019-02-25 13:35:00,0.41,216.93,618.23
56,13,40,30.15,0.76,525.0,102090.0,289.45,7.3,1.7,4,2019-02-25 13:40:00,0.42,221.83,603.6
56,13,45,29.91,0.76,521.0,102090.0,289.65,7.2,2.3,4,2019-02-25 13:45:00,0.41,215.98,611.7
56,13,50,29.65,0.76,516.0,102070.0,289.55,7.8,2.0,4,2019-02-25 13:50:00,0.42,217.14,604.12
56,13,55,29.38,0.76,509.5,102070.0,289.75,7.4,1.8,4,2019-02-25 13:55:00,0.43,217.24,595.71
56,14,0,29.08,0.76,506.0,102060.0,289.55,8.5,2.6,4,2019-02-25 14:00:00,0.39,196.34,637.12
56,14,5,28.77,0.76,497.0,102050.0,289.45,9.4,2.0,4,2019-02-25 14:05:00,0.4,200.49,616.06
56,14,10,28.44,0.74,480.0,102050.0,289.85,8.6,1.5,10,2019-02-25 14:10:00,0.43,207.03,573.17
56,14,15,28.09,0.75,480.0,102040.0,290.25,9.1,1.4,4,2019-02-25 14:15:00,0.42,202.11,590.17
56,14,20,27.72,0.75,477.5,102040.0,290.15,9.9,2.0,1,2019-02-25 14:20:00,0.39,188.12,622.12
56,14,25,27.34,0.75,471.5,102030.0,290.05,9.4,2.3,5,2019-02-25 14:25:00,0.4,189.3,614.46
56,14,30,26.94,0.75,462.5,102040.0,290.15,10.5,1.7,6,2019-02-25 14:30:00,0.41,189.31,602.99
56,14,35,26.52,0.74,452.0,102010.0,290.35,10.7,1.0,1,2019-02-25 14:35:00,0.42,187.62,592.11
56,14,40,26.09,0.74,442.0,102000.0,290.75,10.3,0.8,1,2019-02-25 14:40:00,0.42,184.41,585.72
56,14,45,25.65,0.74,434.5,102000.0,290.75,10.7,1.7,1,2019-02-25 14:45:00,0.41,178.82,590.66
56,14,50,25.19,0.74,426.5,101990.0,290.45,11.1,1.5,11,2019-02-25 14:50:00,0.41,173.8,593.72
56,14,55,24.71,0.73,415.5,101990.0,290.75,11.7,1.0,4,2019-02-25 14:55:00,0.43,178.32,567.37
56,15,0,24.22,0.73,408.5,101990.0,290.45,12.5,2.1,4,2019-02-25 15:00:00,0.38,153.44,621.72
56,15,5,23.72,0.73,399.0,101980.0,290.35,12.4,1.9,3,2019-02-25 15:05:00,0.37,148.67,622.31
56,15,10,23.2,0.73,391.0,101980.0,290.35,12.4,2.3,1,2019-02-25 15:10:00,0.34,131.52,658.68
56,15,15,22.67,0.72,378.5,101980.0,290.55,12.7,1.2,1,2019-02-25 15:15:00,0.37,140.72,616.94
56,15,20,22.13,0.72,367.5,101960.0,290.75,13.3,0.9,5,2019-02-25 15:20:00,0.38,139.51,605.21
56,15,25,21.57,0.72,359.5,101960.0,290.45,13.8,2.5,14,2019-02-25 15:25:00,0.39,139.68,597.92
56,15,30,21.01,0.72,349.5,101960.0,290.25,14.1,2.3,1,2019-02-25 15:30:00,0.33,113.99,656.88
56,15,35,20.43,0.71,338.0,101960.0,290.15,13.6,1.9,4,2019-02-25 15:35:00,0.37,125.92,607.56
56,15,40,19.84,0.71,327.5,101960.0,290.15,14.1,2.0,4,2019-02-25 15:40:00,0.36,119.38,613.21
56,15,45,19.24,0.71,316.0,101960.0,290.05,14.5,1.8,6,2019-02-25 15:45:00,0.37,117.62,602.03
56,15,50,18.63,0.7,304.5,101950.0,289.95,14.9,2.1,3,2019-02-25 15:50:00,0.37,111.46,604.27
56,15,55,18.0,0.7,292.5,101940.0,290.15,15.3,1.4,4,2019-02-25 15:55:00,0.39,114.27,576.76
56,16,0,17.37,0.7,282.0,101940.0,290.15,15.1,2.2,4,2019-02-25 16:00:00,0.28,79.32,678.9
56,16,5,16.73,0.69,269.0,101930.0,290.25,15.8,1.3,5,2019-02-25 16:05:00,0.31,83.33,644.98
56,16,10,16.08,0.7,260.0,101930.0,290.15,15.9,1.7,5,2019-02-25 16:10:00,0.29,75.39,666.52
56,16,15,15.42,0.69,247.6,101930.0,290.05,15.9,1.9,5,2019-02-25 16:15:00,0.3,75.11,648.71
56,16,20,14.75,0.68,232.4,101930.0,289.95,16.5,1.4,4,2019-02-25 16:20:00,0.34,78.26,605.41
56,16,25,14.08,0.68,220.9,101930.0,289.95,16.6,2.1,1,2019-02-25 16:25:00,0.31,68.81,625.18
56,16,30,13.39,0.65,201.6,101920.0,289.75,16.5,2.3,5,2019-02-25 16:30:00,0.44,88.7,487.53
56,16,35,12.7,0.64,186.5,101920.0,289.65,16.6,2.6,5,2019-02-25 16:35:00,0.47,87.67,449.55
56,16,40,12.0,0.63,174.0,101920.0,289.55,16.6,1.8,4,2019-02-25 16:40:00,0.51,89.24,407.67
56,16,45,11.3,0.63,162.8,101920.0,289.65,16.1,1.6,4,2019-02-25 16:45:00,0.54,88.46,379.41
56,16,50,10.59,0.61,147.8,101920.0,289.55,16.0,1.8,4,2019-02-25 16:50:00,0.69,101.58,251.47
56,16,55,9.87,0.59,133.1,101930.0,289.35,15.8,2.1,0,2019-02-25 16:55:00,0.79,105.27,162.33
56,17,0,9.15,0.49,101.5,101930.0,289.35,15.8,1.2,5,2019-02-25 17:00:00,0.95,96.13,33.79
56,17,5,8.42,0.49,92.1,101930.0,289.25,15.8,1.6,4,2019-02-25 17:05:00,0.96,88.0,28.03
56,17,10,7.68,0.49,84.4,101930.0,289.15,16.1,1.5,3,2019-02-25 17:10:00,0.96,80.88,26.36
56,17,15,6.95,0.37,57.1,101940.0,288.95,15.4,1.7,1,2019-02-25 17:15:00,0.97,55.26,15.23
56,17,20,6.21,0.35,47.9,101940.0,288.65,15.1,1.9,1,2019-02-25 17:20:00,0.97,46.36,14.22
56,17,25,5.46,0.28,32.6,101950.0,288.45,15.3,2.0,4,2019-02-25 17:25:00,0.97,31.56,10.95
